"","value","Estimate","Std. Error","df","t value","Pr(>|t|)","feature","metadata","qval","p_bh"
"1","Nasal",-0.184668316778276,0.579658165753247,18.361107112268,-0.318581411750329,0.753639369549942,"Pseudomonas","sample_type",0.960709611662706,0.960709611662706
"2","Sputum",4.62831692035205,0.649149630962356,16.3217926141793,7.12981522224796,2.13136114109644e-06,"Pseudomonas","sample_type",0.00042520654764874,0.00042520654764874
"3","lypma",0.45990318786738,0.446750800190772,72.6235692631686,1.02944009875526,0.306689305596698,"Pseudomonas","lypma",0.549042612479317,0.549042612479317
"4","benzonase",-0.302316558591858,0.448061230929763,73.0897078331026,-0.674721528494055,0.501981449386381,"Pseudomonas","benzonase",0.776320148469636,0.776320148469636
"5","host_zero",-0.848019250668458,0.448061230929763,73.0897078348521,-1.89264143409317,0.0623654777581237,"Pseudomonas","host_zero",0.199070605003931,0.199070605003931
"6","molysis",-1.60313082990142,0.447692415021661,72.9522549347351,-3.58087556570252,0.000614031506971655,"Pseudomonas","molysis",0.00628201464824847,0.00628201464824847
"7","qiaamp",-0.540710401880022,0.446552684353615,72.5823159274597,-1.21085466693073,0.229879137710779,"Pseudomonas","qiaamp",0.477717583055213,0.477717583055213
"8","Nasal",-0.03262724245787,0.683527232651078,17.1077201763654,-0.0477336394211017,0.962481349310274,"Escherichia","sample_type",0.997270903740972,0.997270903740972
"9","Sputum",0.351550491712238,0.783175880036381,16.5901221081532,0.448878088145293,0.659327637926104,"Escherichia","sample_type",0.911292249650538,0.911292249650538
"10","lypma",-0.0231484901421544,0.266891205127537,69.8926113309738,-0.0867338065002653,0.931131110633421,"Escherichia","lypma",0.997270903740972,0.997270903740972
"11","benzonase",-0.394944167597071,0.268108351276912,70.066565587089,-1.47307670841315,0.145208686489452,"Escherichia","benzonase",0.340813328878184,0.340813328878184
"12","host_zero",-0.736319204627742,0.268108351276912,70.0665655879023,-2.74634938121434,0.00765293532308177,"Escherichia","host_zero",0.0508920198984938,0.0508920198984938
"13","molysis",-0.922947430213712,0.267759205673223,70.0154018791507,-3.44693071483074,0.000962984319626035,"Escherichia","molysis",0.00937148154953141,0.00937148154953142
"14","qiaamp",-0.463372423399783,0.266742691553615,69.8830659744174,-1.73715133749652,0.0867662371937171,"Escherichia","qiaamp",0.254556828237449,0.254556828237449
"15","Nasal",-0.133541420759772,0.122173592313204,18.1885347538833,-1.09304652692396,0.288639549125107,"Bacillus","sample_type",0.534454159971218,0.534454159971218
"16","Sputum",-0.813001864595426,0.136909612411408,16.2041787693514,-5.93823801175033,1.97554251626024e-05,"Bacillus","sample_type",0.000710746210672641,0.000710746210672641
"17","lypma",0.0297906453659239,0.093171305159778,72.4515602953205,0.319740560839374,0.750085204564584,"Bacillus","lypma",0.959243578914324,0.959243578914324
"18","benzonase",-0.205214979998378,0.093448312411281,72.9157541711327,-2.19602660233385,0.0312711395746804,"Bacillus","benzonase",0.131338786213658,0.131338786213658
"19","host_zero",-0.39065718309989,0.093448312411281,72.9157541739015,-4.18046268594498,7.98892374705935e-05,"Bacillus","host_zero",0.00151789551194128,0.00151789551194128
"20","molysis",-0.424377411313676,0.0933702943681438,72.7788155121608,-4.54510092514462,2.13758258848915e-05,"Bacillus","molysis",0.000710746210672641,0.000710746210672641
"21","qiaamp",-0.223447954872087,0.0931296634499324,72.4109934183786,-2.39932097459168,0.019000346730329,"Bacillus","qiaamp",0.0959637765240668,0.0959637765240668
"22","Nasal",-0.133541420759772,0.122173592313204,18.1885347538833,-1.09304652692396,0.288639549125107,"Salmonella","sample_type",0.534454159971218,0.534454159971218
"23","Sputum",-0.813001864595426,0.136909612411408,16.2041787693514,-5.93823801175033,1.97554251626024e-05,"Salmonella","sample_type",0.000710746210672641,0.000710746210672641
"24","lypma",0.0297906453659239,0.093171305159778,72.4515602953205,0.319740560839374,0.750085204564584,"Salmonella","lypma",0.959243578914324,0.959243578914324
"25","benzonase",-0.205214979998378,0.093448312411281,72.9157541711327,-2.19602660233385,0.0312711395746804,"Salmonella","benzonase",0.131338786213658,0.131338786213658
"26","host_zero",-0.39065718309989,0.093448312411281,72.9157541739015,-4.18046268594498,7.98892374705935e-05,"Salmonella","host_zero",0.00151789551194128,0.00151789551194128
"27","molysis",-0.424377411313676,0.0933702943681438,72.7788155121608,-4.54510092514462,2.13758258848915e-05,"Salmonella","molysis",0.000710746210672641,0.000710746210672641
"28","qiaamp",-0.223447954872087,0.0931296634499324,72.4109934183786,-2.39932097459168,0.019000346730329,"Salmonella","qiaamp",0.0959637765240668,0.0959637765240668
"29","Nasal",-0.133541420759772,0.122173592313204,18.1885347538833,-1.09304652692396,0.288639549125107,"Listeria","sample_type",0.534454159971218,0.534454159971218
"30","Sputum",-0.813001864595426,0.136909612411408,16.2041787693514,-5.93823801175033,1.97554251626024e-05,"Listeria","sample_type",0.000710746210672641,0.000710746210672641
"31","lypma",0.0297906453659239,0.093171305159778,72.4515602953205,0.319740560839374,0.750085204564584,"Listeria","lypma",0.959243578914324,0.959243578914324
"32","benzonase",-0.205214979998378,0.093448312411281,72.9157541711327,-2.19602660233385,0.0312711395746804,"Listeria","benzonase",0.131338786213658,0.131338786213658
"33","host_zero",-0.39065718309989,0.093448312411281,72.9157541739015,-4.18046268594498,7.98892374705935e-05,"Listeria","host_zero",0.00151789551194128,0.00151789551194128
"34","molysis",-0.424377411313676,0.0933702943681438,72.7788155121608,-4.54510092514462,2.13758258848915e-05,"Listeria","molysis",0.000710746210672641,0.000710746210672641
"35","qiaamp",-0.223447954872087,0.0931296634499324,72.4109934183786,-2.39932097459168,0.019000346730329,"Listeria","qiaamp",0.0959637765240668,0.0959637765240668
"36","Nasal",-1.23990922284911,1.88495926482935,17.041084862675,-0.657790991022483,0.519459998178704,"Staphylococcus","sample_type",0.797171304897319,0.797171304897319
"37","Sputum",1.91615769630152,2.16721075002858,16.7514973305685,0.884158449415334,0.389124731939169,"Staphylococcus","sample_type",0.636314623130035,0.636314623130035
"38","lypma",1.08543392244386,0.549107945694172,69.4945143790724,1.97672230197229,0.0520424235437136,"Staphylococcus","lypma",0.179007991327084,0.179007991327084
"39","benzonase",1.22450630740522,0.551772596712238,69.5965479802038,2.21922276441688,0.0297335066377681,"Staphylococcus","benzonase",0.130427785975702,0.130427785975702
"40","host_zero",1.11461210946572,0.551772596712238,69.5965479817156,2.02005702368546,0.0472284782484041,"Staphylococcus","host_zero",0.166165983965452,0.166165983965452
"41","molysis",1.38507280941424,0.551006973184376,69.5666530537608,2.51371194344355,0.0142649321903474,"Staphylococcus","molysis",0.0833151958789714,0.0833151958789714
"42","qiaamp",1.18055920195273,0.548793967487874,69.4893295135472,2.15118837285473,0.0349401922957771,"Staphylococcus","qiaamp",0.140819562889041,0.140819562889041
"43","Nasal",-0.685199647710302,0.344094339628566,18.5767103712687,-1.99131333706316,0.0613594667131981,"Enterococcus","sample_type",0.199044123728179,0.199044123728179
"44","Sputum",-1.07196107997226,0.38754429965971,16.8803731121873,-2.76603495629665,0.0132785544542611,"Enterococcus","sample_type",0.0802748973825786,0.0802748973825786
"45","lypma",-0.0835120084979875,0.239740090579846,72.4657223221467,-0.348343943209505,0.728591863851243,"Enterococcus","lypma",0.956276821304757,0.956276821304757
"46","benzonase",0.0451382087148228,0.240529379446996,72.8726387899376,0.187661934764895,0.851663225268482,"Enterococcus","benzonase",0.983888428601341,0.983888428601342
"47","host_zero",0.121665741265917,0.240529379446996,72.8726387894671,0.505824866574057,0.614506320528763,"Enterococcus","host_zero",0.878810114304575,0.878810114304575
"48","molysis",-0.0216035752362961,0.24030592439212,72.752349487375,-0.0899003022540735,0.92861348333039,"Enterococcus","molysis",0.997270903740972,0.997270903740972
"49","qiaamp",0.102093252479417,0.239626623573225,72.4335081416733,0.426051375081114,0.671333819253283,"Enterococcus","qiaamp",0.917946212205167,0.917946212205167
"50","Nasal",-1.29401578499307,0.711974248308809,18.4380106680909,-1.81750363593461,0.0854285861639207,"Prevotella","sample_type",0.252488932440032,0.252488932440032
"51","Sputum",0.00804134208290636,0.803936720081065,16.9157477035188,0.0100024565143579,0.992136347873053,"Prevotella","sample_type",0.999321164630346,0.999321164630346
"52","lypma",0.529424668554957,0.47022498961516,72.195603668084,1.12589649688386,0.263938158196909,"Prevotella","lypma",0.5212891030563,0.5212891030563
"53","benzonase",0.893632360364797,0.471853522165774,72.576765902694,1.89387663413656,0.0622268324879971,"Prevotella","benzonase",0.199070605003931,0.199070605003931
"54","host_zero",0.707909803720961,0.471853522165774,72.5767659031778,1.50027449296491,0.13788122631161,"Prevotella","host_zero",0.335454934745929,0.335454934745929
"55","molysis",0.765785539838687,0.471391347979488,72.4640286108772,1.62452183970082,0.108606616794173,"Prevotella","molysis",0.288893600672501,0.288893600672501
"56","qiaamp",0.798864793419883,0.469996277439943,72.1669596373542,1.69972578883237,0.0934891846907984,"Prevotella","qiaamp",0.264554501359068,0.264554501359068
"57","Nasal",-0.451594360413927,0.2054057888899,18.9974350564202,-2.19854738688006,0.0405012907341975,"Dialister","sample_type",0.152452971725894,0.152452971725894
"58","Sputum",-1.15263456706756,0.228848136602421,16.579187698963,-5.03667883942633,0.000109324142042047,"Dialister","sample_type",0.00180957182656733,0.00180957182656733
"59","lypma",-0.00174344509916515,0.170812032340749,73.3647048989398,-0.0102068049614163,0.991883993921252,"Dialister","lypma",0.999321164630346,0.999321164630346
"60","benzonase",0.0477180246600211,0.171261401930782,73.8566585128457,0.278626848326906,0.781309842362305,"Dialister","benzonase",0.975596495701065,0.975596495701065
"61","host_zero",-0.295139223135078,0.171261401930782,73.8566585134775,-1.72332597892877,0.0890139431720269,"Dialister","host_zero",0.256981569917626,0.256981569917626
"62","molysis",-0.208092293697144,0.171135670542796,73.7121796502059,-1.21594927017338,0.22788398130583,"Dialister","molysis",0.477717583055213,0.477717583055213
"63","qiaamp",-0.173655464277929,0.170741045241705,73.3167519099604,-1.01706923506353,0.312465088991076,"Dialister","qiaamp",0.554104757810842,0.554104757810842
"64","Nasal",-0.225386783525991,0.117423016601558,18.7336132008303,-1.91944296824513,0.0702907605731746,"Negativicoccus","sample_type",0.21741095712168,0.21741095712168
"65","Sputum",-0.907989647421134,0.129101188609365,15.5384729954179,-7.03316256962228,3.32858918865174e-06,"Negativicoccus","sample_type",0.000442702362090681,0.000442702362090681
"66","lypma",0.0158111605069021,0.113766512951392,73.7197382661859,0.138979037826866,0.889845679981718,"Negativicoccus","lypma",0.983888428601341,0.983888428601342
"67","benzonase",-0.212092237014812,0.113987296996765,74.2923304719098,-1.86066555311713,0.0667485951521492,"Negativicoccus","benzonase",0.20806788645084,0.20806788645084
"68","host_zero",-0.397534440116324,0.113987296996765,74.292330472198,-3.4875328268167,0.000822606083624701,"Negativicoccus","host_zero",0.00820549568415639,0.00820549568415639
"69","molysis",-0.31006873048128,0.113926576024023,74.1268472111719,-2.72165408022004,0.00809129044768779,"Negativicoccus","molysis",0.0512448395020226,0.0512448395020226
"70","qiaamp",-0.162978882342696,0.113727744961361,73.649648735202,-1.43306175989041,0.15607159213046,"Negativicoccus","qiaamp",0.364167048304407,0.364167048304407
"71","Nasal",-0.548620812302652,0.252208195451347,18.7446759645133,-2.17526956775077,0.0426222473223373,"Anaeroglobus","sample_type",0.154602515287387,0.154602515287387
"72","Sputum",-1.19415693682576,0.283093108625066,16.819022084083,-4.21824799136077,0.000590841971564688,"Anaeroglobus","sample_type",0.00620384070142922,0.00620384070142922
"73","lypma",-0.0276961429578761,0.187092532957677,72.7932482754876,-0.148034464657878,0.882724864713136,"Anaeroglobus","lypma",0.983888428601341,0.983888428601342
"74","benzonase",-0.0260016813685077,0.187667815064108,73.2303958627413,-0.138551628363262,0.890184768734547,"Anaeroglobus","benzonase",0.983888428601341,0.983888428601342
"75","host_zero",-0.218302171897052,0.187667815064108,73.2303958632718,-1.16323713697247,0.248509710440636,"Anaeroglobus","host_zero",0.502042703105985,0.502042703105985
"76","molysis",-0.0572945374574906,0.187505505598412,73.1013423591729,-0.305561894167526,0.760806668013638,"Anaeroglobus","molysis",0.963688446150608,0.963688446150608
"77","qiaamp",-0.0986160936555784,0.187007289161146,72.7562337203663,-0.527338234236422,0.599563137114968,"Anaeroglobus","qiaamp",0.873086466090775,0.873086466090775
"78","Nasal",-0.182355405380833,0.115890299894525,18.7902960189548,-1.57351741730585,0.132286002324445,"Campylobacter","sample_type",0.32527359748615,0.32527359748615
"79","Sputum",-0.864257502963251,0.127697000160595,15.7188125029802,-6.76803293637545,4.95534452932539e-06,"Campylobacter","sample_type",0.000494295616800207,0.000494295616800207
"80","lypma",0.0193665130374729,0.109821626628452,73.6800823586515,0.176345166539862,0.860506589873029,"Campylobacter","lypma",0.983888428601341,0.983888428601342
"81","benzonase",-0.20630941304937,0.110046459281718,74.2412575069978,-1.87474830536091,0.0647607446748457,"Campylobacter","benzonase",0.203460922246169,0.203460922246169
"82","host_zero",-0.285738376879506,0.110046459281718,74.2412575060809,-2.59652494723177,0.0113468115005719,"Campylobacter","host_zero",0.0696519659804334,0.0696519659804335
"83","molysis",-0.426934944601202,0.109984436388403,74.0785481388842,-3.88177599140942,0.000223148619254075,"Campylobacter","molysis",0.00287213868007665,0.00287213868007665
"84","qiaamp",-0.235335187437071,0.109782808281015,73.6138144832463,-2.14364335474708,0.0353649805247298,"Campylobacter","qiaamp",0.141045811735121,0.141045811735121
"85","Nasal",-0.791592693892775,0.577920259961048,18.6004915221735,-1.36972649816106,0.18708227563604,"Pauljensenia","sample_type",0.414699044326555,0.414699044326555
"86","Sputum",1.98025069091675,0.644047110661504,16.23686208224,3.0746985090622,0.00715714172006604,"Pauljensenia","sample_type",0.0484016872255314,0.0484016872255314
"87","lypma",-0.192360615444431,0.478850868665482,73.0578878003333,-0.401712992565982,0.689067993785003,"Pauljensenia","lypma",0.928845032162892,0.928845032162893
"88","benzonase",1.1106986407746,0.480117825833135,73.5574411584532,2.31338763322781,0.0234989145018787,"Pauljensenia","benzonase",0.115297261343611,0.115297261343611
"89","host_zero",1.29254180787271,0.480117825833135,73.5574411570109,2.69213459348191,0.0087854692180444,"Pauljensenia","host_zero",0.0547719096562456,0.0547719096562456
"90","molysis",1.94662528651749,0.479763226070855,73.4106799086678,4.05747081213349,0.000122452228865458,"Pauljensenia","molysis",0.00180957182656733,0.00180957182656733
"91","qiaamp",1.17720227296566,0.478651170240349,73.0094374916137,2.45941584635537,0.0162853604943273,"Pauljensenia","qiaamp",0.0915191385526278,0.0915191385526278
"92","Nasal",-0.37429386794058,0.233920150165987,20.9046172771141,-1.60009245751161,0.124583261084068,"Tannerella","sample_type",0.314612159319894,0.314612159319894
"93","Sputum",-0.967304607548154,0.249633629824437,15.5942470410403,-3.87489701699423,0.00140148307164605,"Tannerella","sample_type",0.0127089033087903,0.0127089033087903
"94","lypma",-0.017759757816461,0.283922442399079,75.8277811124551,-0.0625514406906165,0.950288289028219,"Tannerella","lypma",0.997270903740972,0.997270903740972
"95","benzonase",-0.22956237558566,0.284136848894159,76.4034733028503,-0.807928913405988,0.42163987483711,"Tannerella","benzonase",0.678364153467769,0.678364153467769
"96","host_zero",-0.217710442691593,0.284136848894159,76.4034733027756,-0.766216854796928,0.445908150856637,"Tannerella","host_zero",0.709392735003983,0.709392735003983
"97","molysis",0.0687473530934748,0.28408058075721,76.2475363083223,0.24199948095794,0.809430266375722,"Tannerella","molysis",0.975596495701065,0.975596495701065
"98","qiaamp",-0.271008957510632,0.283876289136777,75.7200740714783,-0.954672749649954,0.342781113424162,"Tannerella","qiaamp",0.586994267194165,0.586994267194165
"99","Nasal",-0.306778103184798,0.180797716215625,19.9611480560823,-1.69680297741662,0.105273402443735,"Lautropia","sample_type",0.288893600672501,0.288893600672501
"100","Sputum",-0.994577152954763,0.196746939285559,15.9789715098105,-5.05510864141693,0.000117586207762572,"Lautropia","sample_type",0.00180957182656733,0.00180957182656733
"101","lypma",0.00283035857131108,0.191879703945695,74.8642052915164,0.0147506928200813,0.988270316597089,"Lautropia","lypma",0.999321164630346,0.999321164630346
"102","benzonase",-0.213898088376384,0.192163943686749,75.4366863984451,-1.11310209539134,0.26919894870577,"Lautropia","benzonase",0.524873574674033,0.524873574674033
"103","host_zero",-0.399340291477895,0.192163943686749,75.4366864010758,-2.07812289764864,0.041099906145175,"Lautropia","host_zero",0.15326039768154,0.15326039768154
"104","molysis",-0.0638722530506714,0.192086938013968,75.2742500028657,-0.332517420034187,0.740422829137837,"Lautropia","molysis",0.959184119564925,0.959184119564925
"105","qiaamp",-0.248615936748011,0.191825894350361,74.7820416013351,-1.29604992897322,0.198944043468916,"Lautropia","qiaamp",0.436146556835699,0.436146556835699
"106","Nasal",-0.3397369410549,0.201401283358881,20.3792404693096,-1.68686582026151,0.106877952406392,"Fusobacterium","sample_type",0.288893600672501,0.288893600672501
"107","Sputum",-1.02850652239557,0.217606686579367,15.9006072651168,-4.7264472363557,0.000231894973080079,"Fusobacterium","sample_type",0.00289144044559223,0.00289144044559223
"108","lypma",-0.00147823904573744,0.225611121902197,75.2942217572942,-0.0065521550235376,0.994789503265835,"Fusobacterium","lypma",0.999321164630346,0.999321164630346
"109","benzonase",-0.216630088540793,0.225880728014032,75.8700752473875,-0.959046353557598,0.340581725549394,"Fusobacterium","benzonase",0.585741846957795,0.585741846957795
"110","host_zero",-0.402072291642305,0.225880728014032,75.8700752473792,-1.78002034603557,0.0790765990099925,"Fusobacterium","host_zero",0.237229797029978,0.237229797029978
"111","molysis",0.00230537798735639,0.225808500685707,75.7091572312237,0.0102094384416694,0.991881043295051,"Fusobacterium","molysis",0.999321164630346,0.999321164630346
"112","qiaamp",-0.253190284199056,0.225557512122494,75.2026748728558,-1.12250876424615,0.265217262958469,"Fusobacterium","qiaamp",0.5212891030563,0.5212891030563
"113","Nasal",-0.354139280861537,0.210813575685145,20.5396703685582,-1.67986942828792,0.1081304080471,"Leptotrichia","sample_type",0.288893600672501,0.288893600672501
"114","Sputum",-1.04335971651348,0.227163068166363,15.8721923656173,-4.59299887492881,0.000306018040306701,"Leptotrichia","sample_type",0.0034886056594964,0.0034886056594964
"115","lypma",-0.00318383487015895,0.240630208739399,75.4464845994167,-0.0132312351256239,0.989478235671245,"Leptotrichia","lypma",0.999321164630346,0.999321164630346
"116","benzonase",-0.217824534817549,0.240893325280682,76.0221119865227,-0.904236489590343,0.368726612677824,"Leptotrichia","benzonase",0.620767588432286,0.620767588432286
"117","host_zero",-0.40326673791906,0.240893325280682,76.0221119856729,-1.67404695605071,0.0982311694338103,"Leptotrichia","host_zero",0.274085570657974,0.274085570657974
"118","molysis",0.0311630217817789,0.240823143500468,75.8622658556422,0.129402105332614,0.897381961997706,"Leptotrichia","molysis",0.984728147356299,0.984728147356299
"119","qiaamp",-0.255008363554636,0.240576945424179,75.3515289942058,-1.05998670448248,0.292536570999168,"Leptotrichia","qiaamp",0.537889824095244,0.537889824095244
"120","Nasal",-0.321513124907567,0.189829983961284,20.156929694554,-1.69368989133529,0.10572211719086,"Centipeda","sample_type",0.288893600672501,0.288893600672501
"121","Sputum",-1.0097368654298,0.205880854080018,15.9414622644868,-4.90447190896804,0.000160408842587759,"Centipeda","sample_type",0.00220700442043159,0.00220700442043159
"122","lypma",0.000827973382508551,0.206832066923229,75.0718698081022,0.0040031190270698,0.996816600307964,"Centipeda","lypma",0.999321164630346,0.999321164630346
"123","benzonase",-0.21511570378405,0.207109877111023,75.6467160917069,-1.0386549728323,0.302273799695359,"Centipeda","benzonase",0.548214754902037,0.548214754902037
"124","host_zero",-0.400557906885562,0.207109877111023,75.6467160911364,-1.93403575180936,0.0568491420293037,"Centipeda","host_zero",0.186402326094107,0.186402326094107
"125","molysis",-0.0342535563230949,0.207035004648838,75.4847362591325,-0.165448139464116,0.869033570654415,"Centipeda","molysis",0.983888428601341,0.983888428601342
"126","qiaamp",-0.250737551250739,0.206778224943926,74.9852225853903,-1.21259166103556,0.22909252321133,"Centipeda","qiaamp",0.477717583055213,0.477717583055213
"127","Nasal",-0.347698362060308,0.206577525369034,20.4695540895915,-1.68313741506572,0.107539773944503,"Bacteroides","sample_type",0.288893600672501,0.288893600672501
"128","Sputum",-1.03671492624154,0.222860237931372,15.8845064388237,-4.65186134531897,0.000270748798657849,"Bacteroides","sample_type",0.00317731678424946,0.00317731678424946
"129","lypma",-0.00243289276790268,0.23389631653582,75.3807464946459,-0.0104015864975372,0.991728363949915,"Bacteroides","lypma",0.999321164630346,0.999321164630346
"130","benzonase",-0.217291028493832,0.234162327175039,75.9565630679753,-0.927950414207338,0.356372720836177,"Bacteroides","benzonase",0.605075385589934,0.605075385589934
"131","host_zero",-0.402733231595343,0.234162327175039,75.9565630666329,-1.71988908913728,0.0895249078159147,"Bacteroides","host_zero",0.256981569917626,0.256981569917626
"132","molysis",0.0182602656473234,0.234091237684368,75.7962196532259,0.0780049088037386,0.938029707113208,"Bacteroides","molysis",0.997270903740972,0.997270903740972
"133","qiaamp",-0.254207586120125,0.23384288318143,75.2872676026561,-1.08708711875954,0.28046644584337,"Bacteroides","qiaamp",0.534454159971218,0.534454159971218
"134","Nasal",-0.0863630765217266,0.401291165515633,17.86401892212,-0.215213002286645,0.832039167243253,"Lachnoanaerobaculum","sample_type",0.983888428601341,0.983888428601342
"135","Sputum",0.553094910355632,0.454606526668614,16.584743933544,1.21664533593203,0.240770831237183,"Lachnoanaerobaculum","sample_type",0.49265416237762,0.49265416237762
"136","lypma",-0.252273070861405,0.245161745950002,71.5008261621293,-1.02900666612504,0.306944973747763,"Lachnoanaerobaculum","lypma",0.549042612479317,0.549042612479317
"137","benzonase",0.230003215925135,0.246066372892019,71.8513381445863,0.934720226993663,0.353063325134774,"Lachnoanaerobaculum","benzonase",0.602018233883653,0.602018233883653
"138","host_zero",0.143558743941131,0.246066372892019,71.8513381436821,0.583414719589208,0.561441042296831,"Lachnoanaerobaculum","host_zero",0.835876775658342,0.835876775658342
"139","molysis",0.0307437664815948,0.245808902543583,71.7476502933569,0.125071818650441,0.900816475651753,"Lachnoanaerobaculum","molysis",0.984728147356299,0.984728147356299
"140","qiaamp",-0.00640400076252528,0.245038494175778,71.476216013927,-0.0261346723667481,0.979222751903372,"Lachnoanaerobaculum","qiaamp",0.999321164630346,0.999321164630346
"141","Nasal",-0.0729394814756616,0.494194398318028,17.7724086972379,-0.147592691709798,0.884325745690986,"Bulleidia","sample_type",0.983888428601341,0.983888428601342
"142","Sputum",0.900941828124103,0.559784687596582,16.4903636436166,1.60944350227276,0.126494008059562,"Bulleidia","sample_type",0.315444432598533,0.315444432598533
"143","lypma",-0.333995852645984,0.302869012925422,71.431145575824,-1.10277327290734,0.273827199869815,"Bulleidia","lypma",0.530374042466293,0.530374042466293
"144","benzonase",0.383410244897895,0.30398396177545,71.7847976096697,1.2612844528328,0.211289899975492,"Bulleidia","benzonase",0.455700919406602,0.455700919406602
"145","host_zero",0.0163743270193093,0.30398396177545,71.7847976070466,0.0538657596396644,0.957191746356122,"Bulleidia","host_zero",0.997270903740972,0.997270903740972
"146","molysis",0.472382531902536,0.303666663216327,71.6801776900516,1.55559562218398,0.12420875426454,"Bulleidia","molysis",0.314612159319894,0.314612159319894
"147","qiaamp",-0.0441560615972552,0.302716932070957,71.4062521411328,-0.145865846667953,0.88443828748952,"Bulleidia","qiaamp",0.983888428601341,0.983888428601342
"148","Nasal",-0.0839611125847265,0.631307160437317,17.195902531636,-0.132995660189511,0.895740769482245,"UBA7748","sample_type",0.984728147356299,0.984728147356299
"149","Sputum",1.10894471372031,0.723374521528626,16.679153856081,1.53301599754565,0.144020087941779,"UBA7748","sample_type",0.340813328878184,0.340813328878184
"150","lypma",-0.0953823795775302,0.24580696915062,69.9724410232949,-0.388037735085875,0.699166134222528,"UBA7748","lypma",0.937739304675465,0.937739304675465
"151","benzonase",-0.156080114652249,0.246928853344387,70.1448278331779,-0.632085366040909,0.52938595990941,"UBA7748","benzonase",0.803246008112333,0.803246008112333
"152","host_zero",0.263639412429372,0.246928853344387,70.1448278312488,1.0676735782743,0.289328567803968,"UBA7748","host_zero",0.534454159971218,0.534454159971218
"153","molysis",0.345292442008904,0.246607026747156,70.0941277585385,1.40017276297212,0.165872491044077,"UBA7748","molysis",0.382561409980269,0.382561409980269
"154","qiaamp",-0.273342220008587,0.245670139434539,69.9629907553344,-1.11263916989562,0.269671886737285,"UBA7748","qiaamp",0.524873574674033,0.524873574674033
"155","Nasal",-0.197091676182216,0.457668821983832,18.2176415512066,-0.430642566666206,0.671780185373205,"Lancefieldella","sample_type",0.917946212205167,0.917946212205167
"156","Sputum",1.36250380517195,0.514320292268579,16.4067035632256,2.64913484000831,0.017233934772896,"Lancefieldella","sample_type",0.093187892164449,0.093187892164449
"157","lypma",-0.0856387176767293,0.33249106109561,72.3135208670845,-0.257566977573882,0.797472659882277,"Lancefieldella","lypma",0.975596495701065,0.975596495701065
"158","benzonase",0.100309388931829,0.333538175094965,72.7503197248348,0.300743352401174,0.764468020958439,"Lancefieldella","benzonase",0.965261836589928,0.965261836589928
"159","host_zero",0.727415804298837,0.333538175094965,72.7503197250291,2.18090719028408,0.0324238537415972,"Lancefieldella","host_zero",0.133376949874508,0.133376949874508
"160","molysis",0.433639088479327,0.333242382580878,72.6212844723748,1.30127232052809,0.197278615665994,"Lancefieldella","molysis",0.434884904147687,0.434884904147687
"161","qiaamp",0.505143107756224,0.332337514316928,72.2773887006898,1.51997016886424,0.132881193960507,"Lancefieldella","qiaamp",0.32527359748615,0.32527359748615
"162","Nasal",-0.111886439561535,0.306962223947607,17.5298054757969,-0.364495794051298,0.719847611788701,"Atopobacter","sample_type",0.95105694405196,0.95105694405196
"163","Sputum",0.0210560306770627,0.34768047977948,16.2570613711492,0.0605614404651586,0.952446752034706,"Atopobacter","sample_type",0.997270903740972,0.997270903740972
"164","lypma",-0.185151604359028,0.188432636406839,71.2252788205929,-0.982587771893577,0.329136362525434,"Atopobacter","lypma",0.57598863441951,0.57598863441951
"165","benzonase",-0.0856895922744834,0.189125457276184,71.5838703028034,-0.453083331607489,0.651859122411056,"Atopobacter","benzonase",0.911292249650538,0.911292249650538
"166","host_zero",-0.0851449031604746,0.189125457276184,71.5838703008848,-0.450203290380604,0.653924374173766,"Atopobacter","host_zero",0.911292249650538,0.911292249650538
"167","molysis",-0.134168522020445,0.188928300996736,71.4777831916917,-0.710155764449302,0.479918109707487,"Atopobacter","molysis",0.749646184337342,0.749646184337342
"168","qiaamp",-0.163807043690617,0.188338077735223,71.2000057064249,-0.869750003081729,0.387359770375,"Atopobacter","qiaamp",0.636035178516975,0.636035178516975
"169","Nasal",-0.0227121936315213,0.497561852418889,18.92060814269,-0.0456469753882987,0.964069969225352,"Gemella","sample_type",0.997270903740972,0.997270903740972
"170","Sputum",2.41525454958483,0.554710088079835,16.5506521889158,4.3540844154203,0.000457276512811731,"Gemella","sample_type",0.00493117104356434,0.00493117104356434
"171","lypma",-0.0683263826413432,0.410054531278909,73.2773888774354,-0.166627551775228,0.86812205063278,"Gemella","lypma",0.983888428601341,0.983888428601342
"172","benzonase",0.500336501532165,0.411148583542422,73.7664911397435,1.21692381187673,0.227512310963898,"Gemella","benzonase",0.477717583055213,0.477717583055213
"173","host_zero",0.828745612764459,0.411148583542423,73.7664911386811,2.01568397882842,0.0474759954187007,"Gemella","host_zero",0.166165983965452,0.166165983965452
"174","molysis",0.774522265077836,0.410842235967298,73.6227644892702,1.88520604084018,0.0633480595784256,"Gemella","molysis",0.200602188665014,0.200602188665014
"175","qiaamp",0.88200411224241,0.409882649392692,73.2302835091162,2.15184544539575,0.034706783149873,"Gemella","qiaamp",0.140819562889041,0.140819562889041
"176","Nasal",-0.0807486363134769,0.464300938464767,17.6055807369416,-0.173914437003888,0.863916816124997,"Mogibacterium","sample_type",0.983888428601341,0.983888428601342
"177","Sputum",0.930896132823369,0.523519046439279,16.046395581625,1.77815141427016,0.0943309017307911,"Mogibacterium","sample_type",0.265056547821026,0.265056547821026
"178","lypma",-0.345593248527542,0.316212990474567,71.5997641056807,-1.0929128749862,0.278095653499852,"Mogibacterium","lypma",0.534454159971218,0.534454159971218
"179","benzonase",-0.0847679205618706,0.317277568718554,72.0132420377917,-0.26717275004419,0.790099807519597,"Mogibacterium","benzonase",0.975596495701065,0.975596495701065
"180","host_zero",0.26184713324363,0.317277568718554,72.0132420382397,0.825293556998683,0.41193054652074,"Mogibacterium","host_zero",0.665426267456581,0.665426267456581
"181","molysis",0.490695595331485,0.316975849509886,71.8909518267522,1.54805356966535,0.126000586296293,"Mogibacterium","molysis",0.315444432598533,0.315444432598533
"182","qiaamp",0.0896417116232765,0.316061502009989,71.5677767518446,0.283621102390519,0.777519633669573,"Mogibacterium","qiaamp",0.975567087528804,0.975567087528804
"183","Nasal",-1.03160289527844,0.74797425594665,18.8843871415948,-1.37919572375231,0.183950915133582,"Streptococcus","sample_type",0.412038627636942,0.412038627636942
"184","Sputum",3.20694902443871,0.834792611310506,16.5860469332532,3.84161165418589,0.00135956920562983,"Streptococcus","sample_type",0.0126155375127047,0.0126155375127047
"185","lypma",0.609946492020988,0.607022129137558,73.197788338918,1.00481755564263,0.318294900540281,"Streptococcus","lypma",0.559469891258027,0.559469891258027
"186","benzonase",1.52551718039967,0.608679790794095,73.6797020947255,2.5062721047621,0.0144078910166642,"Streptococcus","benzonase",0.0833151958789714,0.0833151958789714
"187","host_zero",1.89692306921845,0.608679790794095,73.6797020918819,3.11645482223697,0.00260930294401727,"Streptococcus","host_zero",0.0208222374932578,0.0208222374932578
"188","molysis",1.7551809433471,0.608215035410979,73.5379587422597,2.88579012546294,0.00512131009714638,"Streptococcus","molysis",0.0358491706800247,0.0358491706800247
"189","qiaamp",1.65633063939418,0.606764082946503,73.1522997403921,2.72977700220963,0.00793467992957527,"Streptococcus","qiaamp",0.0510635047080731,0.0510635047080731
"190","Nasal",-0.101165887511202,0.224611454590509,19.6683585379314,-0.450403955112788,0.657344673270674,"Neisseria","sample_type",0.911292249650538,0.911292249650538
"191","Sputum",-0.0131497080541135,0.238423453962303,14.3041476398092,-0.0551527454014344,0.956779729163097,"Neisseria","sample_type",0.997270903740972,0.997270903740972
"192","lypma",-0.080692767495938,0.281057890766398,75.1694063532488,-0.287103725413659,0.774822844867476,"Neisseria","lypma",0.975250205369473,0.975250205369473
"193","benzonase",0.270020501011939,0.281222243306029,75.7843939574006,0.960167651881292,0.340024301781833,"Neisseria","benzonase",0.585741846957795,0.585741846957795
"194","host_zero",0.0936818049747459,0.281222243306029,75.7843939592648,0.333123738269879,0.739960734261414,"Neisseria","host_zero",0.959184119564925,0.959184119564925
"195","molysis",-0.172171626240233,0.281179510415942,75.6202612984719,-0.612319247535299,0.542163451624204,"Neisseria","molysis",0.813928665942537,0.813928665942538
"196","qiaamp",-0.246879319847399,0.281021356665211,75.0466755833006,-0.878507323347363,0.382472566114073,"Neisseria","qiaamp",0.633222215267698,0.633222215267698
"197","Nasal",-0.133746425993955,0.112419251329849,18.5891595151976,-1.1897110540394,0.249133972969888,"F0422","sample_type",0.502042703105985,0.502042703105985
"198","Sputum",-0.762497476234672,0.124805852878203,15.9933265661592,-6.10946889629278,1.51001625980107e-05,"F0422","sample_type",0.000710746210672641,0.000710746210672641
"199","lypma",0.0150716417641892,0.0978882909932124,73.2261793095838,0.153967768884986,0.87805869882721,"F0422","lypma",0.983888428601341,0.983888428601342
"200","benzonase",-0.221303739591078,0.0981265784009575,73.751800413154,-2.25528845698464,0.0270822845468607,"F0422","benzonase",0.125399767440571,0.125399767440571
"201","host_zero",-0.40674594269259,0.0981265784009575,73.7518004107562,-4.14511490485865,8.96513414740178e-05,"F0422","host_zero",0.00155525588035361,0.00155525588035361
"202","molysis",-0.439723188808571,0.0980601945697604,73.5979521505528,-4.48421697242044,2.64205075869342e-05,"F0422","molysis",0.000756521414073737,0.000756521414073737
"203","qiaamp",-0.150801231626803,0.0978495295263224,73.1715833580034,-1.54115438629918,0.127593027287239,"F0422","qiaamp",0.316208806755331,0.316208806755331
"204","Nasal",3.64819720668184,1.37918204239836,16.1873495712523,2.64518902837346,0.017516521083543,"Cutibacterium","sample_type",0.093187892164449,0.093187892164449
"205","Sputum",-0.664468984878327,1.58539050406288,15.8965084689293,-0.419120073682473,0.680737036833406,"Cutibacterium","sample_type",0.920725687106878,0.920725687106878
"206","lypma",-0.358094065733737,0.410727981490396,68.648482824764,-0.871852130537423,0.386328124712066,"Cutibacterium","lypma",0.636035178516975,0.636035178516975
"207","benzonase",-1.2820490205495,0.412714181850489,68.7590172658559,-3.10638470139594,0.00275176376346459,"Cutibacterium","benzonase",0.0214980094066748,0.0214980094066748
"208","host_zero",-0.0454386216108082,0.412714181850489,68.7590172650426,-0.110097068647059,0.91265310521798,"Cutibacterium","host_zero",0.992022601972215,0.992022601972215
"209","molysis",-0.854053698991633,0.412143541832816,68.7266218472652,-2.07222390333627,0.0419985972788304,"Cutibacterium","molysis",0.154602515287387,0.154602515287387
"210","qiaamp",0.0181928845899836,0.410493479637752,68.6428419995893,0.0443195458452551,0.964778368030114,"Cutibacterium","qiaamp",0.997270903740972,0.997270903740972
"211","Nasal",-0.420424643153024,0.193355861362937,85.999999998802,-2.17435685781394,0.0324249727765095,"Veillonella","sample_type",0.133376949874508,0.133376949874508
"212","Sputum",-0.669227570001485,0.200908372393571,85.9999999988176,-3.33100886751746,0.00127655144719912,"Veillonella","sample_type",0.0121272387483917,0.0121272387483917
"213","lypma",-0.0673119926896096,0.268357713751145,85.9999999989341,-0.250829356640107,0.802544353387659,"Veillonella","lypma",0.975596495701065,0.975596495701065
"214","benzonase",0.0478139620318577,0.268357713751145,85.9999999989341,0.178172489858804,0.859006545143467,"Veillonella","benzonase",0.983888428601341,0.983888428601342
"215","host_zero",-0.118442839879964,0.268357713751145,85.9999999989341,-0.44136178619333,0.660058797365928,"Veillonella","host_zero",0.911292249650538,0.911292249650538
"216","molysis",0.334752438558541,0.268357713751145,85.9999999989341,1.24741127757917,0.215632938173673,"Veillonella","molysis",0.460093809258266,0.460093809258266
"217","qiaamp",-0.322627089205364,0.268357713751145,85.9999999989341,-1.20222774555511,0.232575143597889,"Veillonella","qiaamp",0.479182946904811,0.47918294690481
"218","Nasal",-0.105167112588763,0.217722781403524,18.421322488344,-0.483032193098104,0.634763726530112,"Eubacterium","sample_type",0.901319312759839,0.901319312759839
"219","Sputum",-0.188572369195009,0.240331866901,15.5013890025992,-0.784633230817819,0.444494916957664,"Eubacterium","sample_type",0.709392735003983,0.709392735003983
"220","lypma",-0.0407546362215302,0.202492463547923,73.3414220753493,-0.201264953309657,0.841048556258706,"Eubacterium","lypma",0.983888428601341,0.983888428601342
"221","benzonase",-0.248007833721689,0.202924930352602,73.9040839591238,-1.22216542487289,0.225528802760377,"Eubacterium","benzonase",0.477717583055213,0.477717583055213
"222","host_zero",0.0354801539061087,0.202924930352602,73.9040839603558,0.174843740709722,0.861680538465652,"Eubacterium","host_zero",0.983888428601341,0.983888428601342
"223","molysis",0.0626038474897212,0.202805341040251,73.7405209181651,0.308689343035084,0.758428268899055,"Eubacterium","molysis",0.963688446150608,0.963688446150608
"224","qiaamp",-0.0458131597574425,0.202418823239339,73.2769300778108,-0.226328554945077,0.821576038770552,"Eubacterium","qiaamp",0.981463591225899,0.981463591225899
"225","Nasal",-0.0833555330154735,0.349672534520248,18.4005133121985,-0.23838169940867,0.814219631750513,"Porphyromonas","sample_type",0.975596495701065,0.975596495701065
"226","Sputum",0.0831432283905956,0.390274134001926,16.149202900919,0.213038019040702,0.833963378586086,"Porphyromonas","sample_type",0.983888428601341,0.983888428601342
"227","lypma",-0.0676240631343798,0.283625558836983,72.8305653117559,-0.238427253917717,0.812219307675773,"Porphyromonas","lypma",0.975596495701065,0.975596495701065
"228","benzonase",0.127895355943716,0.28440070409339,73.3235597764688,0.449701263403759,0.654252478805809,"Porphyromonas","benzonase",0.911292249650538,0.911292249650538
"229","host_zero",0.422296198902478,0.28440070409339,73.3235597778079,1.48486340864967,0.141866652538945,"Porphyromonas","host_zero",0.340813328878184,0.340813328878184
"230","molysis",-0.0305971254892623,0.284183368681464,73.1785337413127,-0.107666840713532,0.914554623321799,"Porphyromonas","molysis",0.992022601972215,0.992022601972215
"231","qiaamp",-0.179119847426716,0.283504931271352,72.7840727362182,-0.631805050527585,0.52949378051767,"Porphyromonas","qiaamp",0.803246008112333,0.803246008112333
"232","Nasal",-0.00974480875025757,0.466080820029506,17.8506885196744,-0.0209079806151231,0.983550996775104,"Actinomyces","sample_type",0.999321164630346,0.999321164630346
"233","Sputum",3.0322958126349,0.518371653352337,15.4413062849292,5.84965592355385,2.84406546644262e-05,"Actinomyces","sample_type",0.000756521414073737,0.000756521414073737
"234","lypma",-0.0396742808316752,0.396644936273892,72.5715025918763,-0.100024674976007,0.920600543010903,"Actinomyces","lypma",0.995446115613415,0.995446115613415
"235","benzonase",0.680907982291591,0.397649782689108,73.104181966692,1.71233082962336,0.0910747838440111,"Actinomyces","benzonase",0.259563133955432,0.259563133955432
"236","host_zero",0.895406833799467,0.397649782689108,73.1041819675569,2.25174732334638,0.0273428064344103,"Actinomyces","host_zero",0.125399767440571,0.125399767440571
"237","molysis",0.895562040312118,0.39736921933155,72.9479440525998,2.2537277593333,0.0272183443631213,"Actinomyces","molysis",0.125399767440571,0.125399767440571
"238","qiaamp",0.979087428899755,0.396483890471813,72.517947448269,2.46942549856099,0.015887946986031,"Actinomyces","qiaamp",0.0905612978203769,0.090561297820377
"239","Nasal",-0.117725420091914,0.337588125615707,17.8725585631645,-0.348725002922427,0.731370156785818,"Lactobacillus","sample_type",0.956776041172266,0.956776041172266
"240","Sputum",-0.284428469643942,0.383750853607878,16.8131690435421,-0.741180031183918,0.468810914557934,"Lactobacillus","sample_type",0.736439192553605,0.736439192553606
"241","lypma",0.276273704715678,0.18704345875373,71.2564566346207,1.47705622295743,0.14406676973118,"Lactobacillus","lypma",0.340813328878184,0.340813328878184
"242","benzonase",-0.25141398706773,0.187780109087732,71.5586871156282,-1.33887443291593,0.184849409391009,"Lactobacillus","benzonase",0.412038627636942,0.412038627636942
"243","host_zero",-0.202797325924059,0.187780109087732,71.5586871096497,-1.07997235122124,0.283781071150948,"Lactobacillus","host_zero",0.534454159971218,0.534454159971218
"244","molysis",-0.183141721494003,0.187569873893186,71.4693487010392,-0.976391984985262,0.332163665194359,"Lactobacillus","molysis",0.578748045469648,0.578748045469648
"245","qiaamp",0.0324135550608588,0.186946299203459,71.2367242625622,0.173384309820342,0.862841090189712,"Lactobacillus","qiaamp",0.983888428601341,0.983888428601342
"246","Nasal",-0.121670043097281,0.169250530248472,18.9783602018631,-0.718875402745625,0.480975997970826,"Cardiobacterium","sample_type",0.749646184337342,0.749646184337342
"247","Sputum",-0.607069313918796,0.186706582011505,15.9523027083573,-3.25146177161225,0.00502153924200613,"Cardiobacterium","sample_type",0.0357784670992936,0.0357784670992936
"248","lypma",0.00091565998532339,0.158487360942113,73.7713471369732,0.00577749531495975,0.995405846507918,"Cardiobacterium","lypma",0.999321164630346,0.999321164630346
"249","benzonase",-0.214952826371805,0.158820773268473,74.3219907255648,-1.35343017130666,0.180020337142814,"Cardiobacterium","benzonase",0.405808556610072,0.405808556610072
"250","host_zero",-0.142643209034191,0.158820773268473,74.3219907279166,-0.898139494592845,0.37201161649372,"Cardiobacterium","host_zero",0.621057050129683,0.621057050129683
"251","molysis",-0.287332289943236,0.158728654607098,74.1620885264008,-1.8102105801531,0.0743140365623499,"Cardiobacterium","molysis",0.228086927602905,0.228086927602905
"252","qiaamp",-0.253421981810012,0.158430303361258,73.7075365174712,-1.59958023454737,0.113969774743632,"Cardiobacterium","qiaamp",0.295285325472136,0.295285325472136
"253","Nasal",-0.0922634448852926,0.363588832499732,18.2963061404926,-0.253757642254759,0.80251249963423,"Bifidobacterium","sample_type",0.975596495701065,0.975596495701065
"254","Sputum",0.188435988314938,0.411294204340269,16.8991308886702,0.458153765179348,0.652678460982691,"Bifidobacterium","sample_type",0.911292249650538,0.911292249650538
"255","lypma",-0.118186021156922,0.230359726633137,71.9620757336396,-0.513049841151881,0.609487908835745,"Bifidobacterium","lypma",0.874768617357778,0.874768617357778
"256","benzonase",0.0173519610141647,0.2311861163131,72.324077385339,0.0750562416588401,0.940377184493697,"Bifidobacterium","benzonase",0.997270903740972,0.997270903740972
"257","host_zero",0.0595156718336902,0.2311861163131,72.324077384637,0.257436185108482,0.797573114595581,"Bifidobacterium","host_zero",0.975596495701065,0.975596495701065
"258","molysis",0.135778002555046,0.230951208133499,72.2169924333325,0.5879077388353,0.558428223026065,"Bifidobacterium","molysis",0.834505097331086,0.834505097331086
"259","qiaamp",0.057670000636453,0.230245588767321,71.935868303977,0.250471685234902,0.802936588342346,"Bifidobacterium","qiaamp",0.975596495701065,0.975596495701065
"260","Nasal",-0.130429166126447,0.122657429925218,18.3467242970055,-1.06336131619558,0.301414647254178,"Selenomonas","sample_type",0.548214754902037,0.548214754902037
"261","Sputum",-0.759164526583778,0.136683610849515,16.0038729470613,-5.55417377303265,4.35527052711049e-05,"Selenomonas","sample_type",0.00108609558769818,0.00108609558769818
"262","lypma",0.0207729316404515,0.101718161995434,72.8674119565092,0.204220477768602,0.83875052651806,"Selenomonas","lypma",0.983888428601341,0.983888428601342
"263","benzonase",-0.207754537426233,0.101986929289244,73.3736024578887,-2.03707022923519,0.0452507083427217,"Selenomonas","benzonase",0.161205648470946,0.161205648470946
"264","host_zero",-0.393196740527745,0.101986929289244,73.3736024559694,-3.85536404780464,0.00024572376607228,"Selenomonas","host_zero",0.00297102371705575,0.00297102371705575
"265","molysis",-0.319763469207442,0.101911711463148,73.2248887146442,-3.13765184213467,0.00245373334242066,"Selenomonas","molysis",0.0199804000739968,0.0199804000739968
"266","qiaamp",-0.231329654612752,0.101675776575836,72.8182672973849,-2.27516978382961,0.0258403625984676,"Selenomonas","qiaamp",0.122741722342721,0.122741722342721
"267","Nasal",-0.129893169398505,0.123955770842116,18.4290715819985,-1.04789933147971,0.308234449111195,"Parvimonas","sample_type",0.549042612479317,0.549042612479317
"268","Sputum",-0.750259759088747,0.137808913662789,15.936214797629,-5.44420342014008,5.48152085794736e-05,"Parvimonas","sample_type",0.00128654518960059,0.00128654518960059
"269","lypma",0.0188708807796888,0.106021640129413,73.0412083960293,0.177990839951678,0.859222892217242,"Parvimonas","lypma",0.983888428601341,0.983888428601342
"270","benzonase",-0.208371995159415,0.106287944886344,73.5616830436702,-1.96044805817096,0.0537305043434934,"Parvimonas","benzonase",0.181681959602151,0.181681959602151
"271","host_zero",-0.393814198260926,0.106287944886344,73.5616830444452,-3.70516335302222,0.000406266976340645,"Parvimonas","host_zero",0.00450279232110881,0.00450279232110881
"272","molysis",-0.303277289942507,0.106213625345067,73.409110287988,-2.85535202246622,0.00558601142096627,"Parvimonas","molysis",0.0384279061545783,0.0384279061545783
"273","qiaamp",-0.233169625767047,0.105978822103821,72.9884984904075,-2.20015302244654,0.0309615862101975,"Parvimonas","qiaamp",0.131338786213658,0.131338786213658
"274","Nasal",-0.128404279390972,0.129450198236171,18.7247957389452,-0.99192029939351,0.333882317449501,"Limosilactobacillus","sample_type",0.579213237662395,0.579213237662395
"275","Sputum",-0.724135297961545,0.142754476907293,15.7100608317592,-5.07259256346691,0.000119533733576825,"Limosilactobacillus","sample_type",0.00180957182656733,0.00180957182656733
"276","lypma",0.0130355570784474,0.121637916519036,73.6020962757848,0.107166888841009,0.914948164225,"Limosilactobacillus","lypma",0.992022601972215,0.992022601972215
"277","benzonase",-0.210680841867154,0.121891823443287,74.1612083961594,-1.72842472871183,0.0880736916315291,"Limosilactobacillus","benzonase",0.256506590956059,0.256506590956059
"278","host_zero",-0.396123044968666,0.121891823443287,74.1612083972531,-3.24979177256274,0.00173745764943504,"Limosilactobacillus","host_zero",0.0147499064281826,0.0147499064281826
"279","molysis",-0.256195056859471,0.121821702491022,73.9989078896724,-2.10303297048695,0.0388632752150656,"Limosilactobacillus","molysis",0.150548027289429,0.150548027289429
"280","qiaamp",-0.239005098857016,0.121594353790975,73.5369574696426,-1.96559372541158,0.0531219146000054,"Limosilactobacillus","qiaamp",0.181159349789762,0.181159349789762
"281","Nasal",-0.11737626435595,0.224886662521682,18.8697991733701,-0.521935196333099,0.60778849095131,"Stomatobaculum","sample_type",0.874768617357778,0.874768617357778
"282","Sputum",-0.556936528510261,0.250288164619359,16.3982128675586,-2.2251812400209,0.040426186306214,"Stomatobaculum","sample_type",0.152452971725894,0.152452971725894
"283","lypma",8.24121108599247e-05,0.189678896253789,73.3206893865661,0.000434482235438874,0.999654513316023,"Stomatobaculum","lypma",0.999654513316023,0.999654513316023
"284","benzonase",0.104216831133866,0.190166633834272,73.8229943322733,0.548029005049802,0.585325347001992,"Stomatobaculum","benzonase",0.861788979534298,0.861788979534298
"285","host_zero",-0.202970523407395,0.190166633834272,73.8229943324492,-1.06732984285919,0.289300920181227,"Stomatobaculum","host_zero",0.534454159971218,0.534454159971218
"286","molysis",-0.435779213006146,0.190030339638952,73.6756130039655,-2.29320862044505,0.0246907470655363,"Stomatobaculum","molysis",0.118694073242759,0.118694073242759
"287","qiaamp",-0.258325510613918,0.18960116788927,73.2707826004111,-1.36246792933673,0.177223671393403,"Stomatobaculum","qiaamp",0.404069970776958,0.404069970776958
"288","Nasal",-0.108024724031793,0.329105986926182,18.2922996569286,-0.328236885146739,0.746460048498867,"Oribacterium","sample_type",0.959243578914324,0.959243578914324
"289","Sputum",0.0195784548406493,0.372194718840979,16.8793468612511,0.0526027206985015,0.958665986118824,"Oribacterium","sample_type",0.997270903740972,0.997270903740972
"290","lypma",-0.119765817117124,0.209749509136109,71.9754723295699,-0.570994504875843,0.569781952703252,"Oribacterium","lypma",0.845141260701106,0.845141260701106
"291","benzonase",-0.0533571439891296,0.210498353289002,72.3406013133994,-0.25348010165131,0.80061624412847,"Oribacterium","benzonase",0.975596495701065,0.975596495701065
"292","host_zero",-0.035577356073138,0.210498353289002,72.3406013148358,-0.169014890222406,0.866256636976378,"Oribacterium","host_zero",0.983888428601341,0.983888428601342
"293","molysis",-0.180485835849108,0.210285534449127,72.2325914071445,-0.858289355575105,0.393571833433151,"Oribacterium","molysis",0.640959843019703,0.640959843019703
"294","qiaamp",0.079322862242562,0.209645843247384,71.9489021805363,0.378366014865176,0.706272822866603,"Oribacterium","qiaamp",0.941309409419851,0.941309409419851
"295","Nasal",-0.119763138575065,0.187905082495487,19.0644549225006,-0.637359761559092,0.531471042961543,"Abiotrophia","sample_type",0.803246008112333,0.803246008112333
"296","Sputum",-0.554653112500552,0.208840088866229,16.487250622827,-2.65587471979976,0.016946102353279,"Abiotrophia","sample_type",0.093187892164449,0.093187892164449
"297","lypma",-0.011176872521274,0.161359610684221,73.5249881330799,-0.0692668535445779,0.944965250833995,"Abiotrophia","lypma",0.997270903740972,0.997270903740972
"298","benzonase",-0.223347484912077,0.161762148803936,74.031691244077,-1.38071536860447,0.171520815585358,"Abiotrophia","benzonase",0.393314973669873,0.393314973669873
"299","host_zero",-0.089977777291267,0.161762148803936,74.0316912429993,-0.556235052245285,0.579727591381582,"Abiotrophia","host_zero",0.856708551708338,0.856708551708339
"300","molysis",-0.260108187890992,0.161649852621228,73.8832292163185,-1.60908397795121,0.111862924406614,"Abiotrophia","molysis",0.294715111960162,0.294715111960162
"301","qiaamp",-0.265451928565916,0.161294722227563,73.4733717199419,-1.6457570644587,0.104085340546387,"Abiotrophia","qiaamp",0.28840313109728,0.28840313109728
"302","Nasal",-0.144518819031618,0.589310239307522,18.0166328835514,-0.245233850342456,0.809046976239344,"Stenotrophomonas","sample_type",0.975596495701065,0.975596495701065
"303","Sputum",0.611562913869451,0.670299854321811,16.9904264108909,0.912372141999363,0.374337584372776,"Stenotrophomonas","sample_type",0.622336234019741,0.622336234019741
"304","lypma",-0.166200405271368,0.320200249336745,71.3338481835329,-0.5190514548806,0.605331525423084,"Stenotrophomonas","lypma",0.874768617357778,0.874768617357778
"305","benzonase",-0.0402368488333559,0.321475791229685,71.6250262896527,-0.125162920291587,0.900745210605458,"Stenotrophomonas","benzonase",0.984728147356299,0.984728147356299
"306","host_zero",-0.515279960549768,0.321475791229685,71.6250262920166,-1.60285774110317,0.11336727216381,"Stenotrophomonas","host_zero",0.295285325472136,0.295285325472136
"307","molysis",-0.672789320897513,0.321111595325822,71.5389758346924,-2.09518849736601,0.0396950068230768,"Stenotrophomonas","molysis",0.152291420407766,0.152291420407766
"308","qiaamp",-0.479143227598128,0.320032989263517,71.315082821711,-1.49716824100155,0.138762565644161,"Stenotrophomonas","qiaamp",0.335553113284971,0.335553113284971
"309","Nasal",-0.102674467391969,0.237379288134323,18.5363865413549,-0.43253338654327,0.670344117448309,"Peptostreptococcus","sample_type",0.917946212205167,0.917946212205167
"310","Sputum",-0.245337195392363,0.262520015733734,15.7139285532586,-0.934546627641531,0.364161851248577,"Peptostreptococcus","sample_type",0.615680418000773,0.615680418000773
"311","lypma",-0.0415341915147556,0.216292115234512,73.3516838161922,-0.192028227518708,0.848250711771459,"Peptostreptococcus","lypma",0.983888428601341,0.983888428601342
"312","benzonase",-0.231735273419147,0.216774615139693,73.9013291053207,-1.0690148072449,0.288542389782276,"Peptostreptococcus","benzonase",0.534454159971218,0.534454159971218
"313","host_zero",0.108416053437078,0.216774615139693,73.9013291055938,0.500132607165342,0.61846775740412,"Peptostreptococcus","host_zero",0.88131655430087,0.88131655430087
"314","molysis",0.15269940821181,0.216640859106932,73.7411667157928,0.704850455455582,0.483123657740853,"Peptostreptococcus","molysis",0.750063577582103,0.750063577582103
"315","qiaamp",-0.2930466744313,0.216211156511965,73.2906409681367,-1.35537258649779,0.179461264860046,"Peptostreptococcus","qiaamp",0.405808556610072,0.405808556610072
"316","Nasal",-0.111296622964723,0.207229244345367,18.8940687734265,-0.537070061304845,0.59748784637927,"Arachnia","sample_type",0.873086466090775,0.873086466090775
"317","Sputum",-0.262507455952352,0.224723731049521,14.8760199731145,-1.16813411172185,0.261133666493457,"Arachnia","sample_type",0.520656929502856,0.520656929502856
"318","lypma",-0.0389772971585645,0.225999270013861,74.2513491895462,-0.172466473702211,0.863540052914868,"Arachnia","lypma",0.983888428601341,0.983888428601342
"319","benzonase",-0.255611737465883,0.226301713504055,74.8633732924698,-1.12951746369036,0.262285821629258,"Arachnia","benzonase",0.520656929502856,0.520656929502856
"320","host_zero",-0.169105996023733,0.226301713504055,74.8633732863842,-0.747259017200074,0.45724790103765,"Arachnia","host_zero",0.721114278711551,0.721114278711551
"321","molysis",0.0368781029460766,0.226220217786441,74.6908906177693,0.163018598898578,0.870944058191197,"Arachnia","molysis",0.983888428601341,0.983888428601342
"322","qiaamp",0.0104160921947714,0.22594060442616,74.1589977397365,0.0461010194304209,0.963353653451765,"Arachnia","qiaamp",0.997270903740972,0.997270903740972
"323","Nasal",-0.0766382449967154,0.51179778123198,17.977833082863,-0.149743214619326,0.882634341992738,"Granulicatella","sample_type",0.983888428601341,0.983888428601342
"324","Sputum",1.75010023386653,0.57999677895254,16.714753841058,3.01743095371524,0.0078732915511025,"Granulicatella","sample_type",0.0510635047080731,0.0510635047080731
"325","lypma",-0.278891335799522,0.309844683539733,71.572639386108,-0.900100439398886,0.371085407727523,"Granulicatella","lypma",0.621057050129683,0.621057050129683
"326","benzonase",-0.0489823308948659,0.310995650763428,71.916651305213,-0.15750165886444,0.875290877333689,"Granulicatella","benzonase",0.983888428601341,0.983888428601342
"327","host_zero",0.235902294777089,0.310995650763428,71.9166513045548,0.758538886952276,0.450607263197758,"Granulicatella","host_zero",0.713461500063117,0.713461500063117
"328","molysis",0.556889164732295,0.310667972893378,71.814892550822,1.79255415209285,0.0772556726683691,"Granulicatella","molysis",0.23352282874757,0.23352282874757
"329","qiaamp",0.103827523882261,0.309688380657438,71.5486608360161,0.335264512223046,0.738406582282196,"Granulicatella","qiaamp",0.959184119564925,0.959184119564925
"330","Nasal",-0.124214508921735,0.15995835309179,20.5867758300513,-0.776542809555288,0.446259590190475,"Achromobacter","sample_type",0.709392735003983,0.709392735003983
"331","Sputum",-0.620561798432271,0.167874555758193,14.3854594719689,-3.69658043548975,0.00229554556123407,"Achromobacter","sample_type",0.0190817224777582,0.0190817224777582
"332","lypma",-0.0129565328692015,0.212189077634414,75.8433244699168,-0.0610612620293519,0.951471042040685,"Achromobacter","lypma",0.997270903740972,0.997270903740972
"333","benzonase",0.129807441686019,0.212243306146168,76.4325512962876,0.611597341009297,0.542619110628358,"Achromobacter","benzonase",0.813928665942537,0.813928665942538
"334","host_zero",-0.414150120028375,0.212243306146168,76.4325512961791,-1.9512988538878,0.0546859605265334,"Achromobacter","host_zero",0.181830818750724,0.181830818750724
"335","molysis",-0.450141767396541,0.212229492771896,76.2809153895396,-2.12101419796707,0.0371696737750716,"Achromobacter","molysis",0.145399018002486,0.145399018002486
"336","qiaamp",-0.268466552261591,0.212176218074933,75.7093064221727,-1.26529992238234,0.20964425330679,"Achromobacter","qiaamp",0.454609005812006,0.454609005812006
"337","Nasal",-0.00472191879007351,0.576923565101695,17.7850780485094,-0.00818465231046885,0.993560774705279,"Rothia","sample_type",0.999321164630346,0.999321164630346
"338","Sputum",2.25077635964765,0.652517887994223,16.40759142695,3.44937112232481,0.00319726702913904,"Rothia","sample_type",0.0240699914080467,0.0240699914080467
"339","lypma",0.441329786840195,0.36689261993321,71.5465006828528,1.20288542985829,0.232986194735672,"Rothia","lypma",0.479182946904811,0.47918294690481
"340","benzonase",0.663553616363272,0.368204820755445,71.9193272344092,1.80213179990925,0.0757150470116074,"Rothia","benzonase",0.230613005783446,0.230613005783446
"341","host_zero",0.850969815494697,0.368204820755445,71.9193272330852,2.31113165153233,0.0236951765167322,"Rothia","host_zero",0.115297261343611,0.115297261343611
"342","molysis",0.857193390263119,0.36783186790751,71.8090283067579,2.33039457711874,0.022598856242598,"Rothia","molysis",0.112711795509957,0.112711795509957
"343","qiaamp",0.892636235748436,0.366711120175115,71.5194262448265,2.43416735037153,0.0174245179900543,"Rothia","qiaamp",0.093187892164449,0.093187892164449
"344","Nasal",-0.127746632840657,0.121627461701903,18.467179697347,-1.0503107690741,0.307126393783801,"F0058","sample_type",0.549042612479317,0.549042612479317
"345","Sputum",-0.725596361770761,0.134886629666094,15.8208629211418,-5.37930529932389,6.3826407850494e-05,"F0058","sample_type",0.00141481870735262,0.00141481870735262
"346","lypma",0.0168176231365362,0.107273510375768,73.1812075877168,0.156773308504828,0.875855220149698,"F0058","lypma",0.983888428601341,0.983888428601342
"347","benzonase",-0.207923117498854,0.107528577054169,73.7165050056765,-1.93365450557492,0.0569951974523334,"F0058","benzonase",0.186402326094107,0.186402326094107
"348","host_zero",-0.221877765966305,0.107528577054169,73.7165050009967,-2.06343069019253,0.0425931799487585,"F0058","host_zero",0.154602515287387,0.154602515287387
"349","molysis",-0.429025553438263,0.1074576127627,73.5599992418544,-3.99250962689524,0.000153251471156658,"F0058","molysis",0.00218383346398238,0.00218383346398238
"350","qiaamp",-0.238360981725585,0.107231663277546,73.1245712256351,-2.22286006241122,0.0293166033442159,"F0058","qiaamp",0.130427785975702,0.130427785975702
"351","Nasal",-0.129973387167681,0.117714092676321,18.1612137568793,-1.10414466282359,0.283945415227421,"F0040","sample_type",0.534454159971218,0.534454159971218
"352","Sputum",-0.759224056767137,0.131748341767891,16.1024882406661,-5.762683966867,2.83972850958955e-05,"F0040","sample_type",0.000756521414073737,0.000756521414073737
"353","lypma",0.023598264062522,0.0915754019646978,72.4979442892582,0.257692170126855,0.797374549017997,"F0040","lypma",0.975596495701065,0.975596495701065
"354","benzonase",-0.205980546848954,0.0918407481262714,72.9737505337756,-2.24280127341463,0.0279469412054798,"F0040","benzonase",0.126713972056664,0.126713972056664
"355","host_zero",-0.284123155482033,0.0918407481262714,72.9737505348512,-3.09365027265886,0.00280174558683481,"F0040","host_zero",0.0214980094066748,0.0214980094066748
"356","molysis",-0.426342685233182,0.091766115812561,72.8334911881735,-4.64597069907609,1.46832644406432e-05,"F0040","molysis",0.000710746210672641,0.000710746210672641
"357","qiaamp",-0.230840043244418,0.0915350805248425,72.4553625325522,-2.52187513159797,0.0138714186708633,"F0040","qiaamp",0.0826074037264844,0.0826074037264844
"358","Nasal",-0.12809577679961,0.124336828458275,18.697073802963,-1.03023197863372,0.316044869273994,"Lacticaseibacillus","sample_type",0.557973021417361,0.557973021417361
"359","Sputum",-0.718560899608364,0.136748057019936,15.5263705183803,-5.25463334008179,8.67069329964619e-05,"Lacticaseibacillus","sample_type",0.00155525588035361,0.00155525588035361
"360","lypma",0.0115331092300381,0.120071083086555,73.6815280587895,0.0960523461067167,0.923739769981439,"Lacticaseibacillus","lypma",0.9961409951962,0.9961409951962
"361","benzonase",-0.211377640852207,0.120306010376509,74.2537166970838,-1.75699983891644,0.083040057656266,"Lacticaseibacillus","benzonase",0.247261067200374,0.247261067200374
"362","host_zero",-0.396819843953718,0.120306010376509,74.2537166932696,-3.29842077475457,0.00149449963070681,"Lacticaseibacillus","host_zero",0.0132512300589337,0.0132512300589337
"363","molysis",-0.246807904363279,0.120241369704521,74.0882645552081,-2.05260389972086,0.0436432556768481,"Lacticaseibacillus","molysis",0.156879810946508,0.156879810946508
"364","qiaamp",-0.240597247985143,0.12002993585263,73.6118650229147,-2.00447701880423,0.0486977040816575,"Lacticaseibacillus","qiaamp",0.168959860248534,0.168959860248534
"365","Nasal",7.50039401174266,0.919780170792295,15.5456371331248,8.15455067408319,5.29463846586724e-07,"Corynebacterium","sample_type",0.000211256074788103,0.000211256074788103
"366","Sputum",-0.274392793224199,1.04747212501296,14.701731577132,-0.261957131528253,0.796989180365049,"Corynebacterium","sample_type",0.975596495701065,0.975596495701065
"367","lypma",-0.937348635029365,0.479134022692001,68.8617647569229,-1.95633912566446,0.0544821452244993,"Corynebacterium","lypma",0.181830818750724,0.181830818750724
"368","benzonase",-0.622002036269651,0.481087151789495,69.1675594739746,-1.29290926593237,0.200344444532585,"Corynebacterium","benzonase",0.43681657578416,0.43681657578416
"369","host_zero",0.0373139417686768,0.481087151789495,69.1675594751297,0.077561709203583,0.938400636517671,"Corynebacterium","host_zero",0.997270903740972,0.997270903740972
"370","molysis",0.0678658092498584,0.480528994759587,69.0771976465115,0.141231455312727,0.888098163113142,"Corynebacterium","molysis",0.983888428601341,0.983888428601342
"371","qiaamp",-0.177449672392043,0.478880932569818,68.8425867051857,-0.370550715894648,0.712109922866359,"Corynebacterium","qiaamp",0.943959665194941,0.943959665194941
"372","Nasal",-0.0614782886500957,0.145392542097024,16.4706441518464,-0.422843481263775,0.677878499338387,"Klebsiella","sample_type",0.920627078083428,0.920627078083428
"373","Sputum",-0.813512670559122,0.161845775258321,14.2571916065191,-5.02646837250265,0.000175300377072157,"Klebsiella","sample_type",0.00233149501505968,0.00233149501505968
"374","lypma",0.0299200935634318,0.122321230899486,71.3475594780659,0.244602620031005,0.807466233066912,"Klebsiella","lypma",0.975596495701065,0.975596495701065
"375","benzonase",-0.18080087525967,0.122637068960166,71.9112219354989,-1.47427590036742,0.144771859384962,"Klebsiella","benzonase",0.340813328878184,0.340813328878184
"376","host_zero",-0.366243078361182,0.122637068960166,71.9112219373975,-2.9863978441962,0.00385751861066357,"Klebsiella","host_zero",0.0285027764010141,0.0285027764010141
"377","molysis",-0.398868263256253,0.122548790402242,71.745684380162,-3.25477111562706,0.00173284946244025,"Klebsiella","molysis",0.0147499064281826,0.0147499064281826
"378","qiaamp",-0.077894319547683,0.122270976816411,71.2918138786078,-0.637063034710525,0.52612431074099,"Klebsiella","qiaamp",0.803246008112333,0.803246008112333
"379","Nasal",1.02904506230705,0.609769800983807,14.9227846646263,1.68759597580395,0.112272423603871,"Dolosigranulum","sample_type",0.294715111960162,0.294715111960162
"380","Sputum",-0.837667890582274,0.688023360796366,13.5920839990458,-1.21749919888287,0.244129944372606,"Dolosigranulum","sample_type",0.496978815329948,0.496978815329948
"381","lypma",0.341735323463518,0.40921615541275,68.9361815660025,0.835097341449856,0.406547825208035,"Dolosigranulum","lypma",0.659400740886202,0.659400740886202
"382","benzonase",0.587123197483965,0.41061301781363,69.3978988467186,1.42986990673162,0.157241107747348,"Dolosigranulum","benzonase",0.36476280227437,0.36476280227437
"383","host_zero",0.911220376960583,0.41061301781363,69.3978988470403,2.21917069705318,0.029746688029546,"Dolosigranulum","host_zero",0.130427785975702,0.130427785975702
"384","molysis",0.187462941164013,0.410216862019834,69.2612251496353,0.456984971902372,0.649111939055924,"Dolosigranulum","molysis",0.911292249650538,0.911292249650538
"385","qiaamp",0.431305921111613,0.409018649149291,68.9010060667756,1.05448962292716,0.295342554755693,"Dolosigranulum","qiaamp",0.540558162144595,0.540558162144595
"386","Nasal",0.317445131643294,0.270618307122978,13.7357634715638,1.1730364254294,0.26072259675734,"Lawsonella","sample_type",0.520656929502856,0.520656929502856
"387","Sputum",-0.818847419478607,0.296853007553688,11.1470715095244,-2.75842723045517,0.0184035523688717,"Lawsonella","sample_type",0.0959637765240668,0.0959637765240668
"388","lypma",0.139270608154196,0.26799969351132,69.2301924763341,0.519667042635308,0.604953299962973,"Lawsonella","lypma",0.874768617357778,0.874768617357778
"389","benzonase",0.141795225832139,0.268490996215283,69.9827341138428,0.52811910950803,0.599087370365204,"Lawsonella","benzonase",0.873086466090775,0.873086466090775
"390","host_zero",0.101062505779204,0.268490996215283,69.9827341141527,0.376409291945753,0.707751435654023,"Lawsonella","host_zero",0.941309409419851,0.941309409419851
"391","molysis",-0.0957053104480469,0.268356311667564,69.7655706188937,-0.356635213285407,0.722441294182923,"Lawsonella","molysis",0.951333585409195,0.951333585409195
"392","qiaamp",-0.103528594402548,0.267911925535593,69.1349642483127,-0.386427719466315,0.700366698730047,"Lawsonella","qiaamp",0.937739304675465,0.937739304675465
"393","Nasal",0.181239187373869,0.428757323807656,15.3856336219266,0.422708085227192,0.678356794377263,"Anaerococcus","sample_type",0.920627078083428,0.920627078083428
"394","Sputum",-0.806799936846853,0.484881368540857,14.1489208230425,-1.66391201888152,0.118112028078913,"Anaerococcus","sample_type",0.302094225663373,0.302094225663373
"395","lypma",-0.178347313486322,0.273416790359032,69.2668648890248,-0.652291006898767,0.516372322842241,"Anaerococcus","lypma",0.79549249735156,0.79549249735156
"396","benzonase",-0.587705691607059,0.274392481241011,69.686909634646,-2.14184327846378,0.035703325777562,"Anaerococcus","benzonase",0.141045811735121,0.141045811735121
"397","host_zero",-0.343329500752792,0.274392481241011,69.6869096369091,-1.2512350892415,0.215032974606812,"Anaerococcus","host_zero",0.460093809258266,0.460093809258266
"398","molysis",-0.810876841878755,0.274115199272435,69.5625690695858,-2.95816081717106,0.00422599208303235,"Anaerococcus","molysis",0.0306576516569074,0.0306576516569074
"399","qiaamp",-0.43559463268073,0.273281690808205,69.2363154555075,-1.59394005281693,0.115504740674722,"Anaerococcus","qiaamp",0.297331558252995,0.297331558252995
