"","metadata","Estimate","Std. Error","df","t value","Pr(>|t|)","feature","sample_type","qval","p_bh"
"1","lypma",0.667963508570169,0.344268899588066,20.2257011861415,1.94023773094061,0.0664213065570032,"vSGB108167","Nasal",0.340606417345193,0.542440670215526
"2","benzonase",0.65974552468869,0.347165947068726,20.2546025850612,1.90037510953827,0.0717128782374426,"vSGB108167","Nasal",0.35208861292669,0.560726907789437
"3","host_zero",-0.0663561715262356,0.347165947068726,20.2546025852434,-0.191136751995724,0.850321423618417,"vSGB108167","Nasal",0.582918395921347,0.928340246285137
"4","molysis",0.559367950869612,0.344268899588066,20.2257011859053,1.62479954343515,0.119687508871832,"vSGB108167","Nasal",0.401487971005185,0.639399004202578
"5","qiaamp",-0.217415560167974,0.347165947068726,20.2546025851774,-0.626258312497837,0.538140025340831,"vSGB108167","Nasal",0.512488713018828,0.816175817046005
"6","lypma",-0.188755153211387,0.400263687862392,20.9746835880075,-0.47157701019404,0.642097222224954,"vSGB104688","Nasal",0.557175063534244,0.887342103670904
"7","benzonase",0.171838160356843,0.40245316494763,21.210316162484,0.426976789657508,0.673699161777422,"vSGB104688","Nasal",0.560303430003956,0.89232425643754
"8","host_zero",-0.447903577099728,0.40245316494763,21.2103161624418,-1.11293341961421,0.278191784989919,"vSGB104688","Nasal",0.46294587410798,0.737275216896877
"9","molysis",0.264233758141511,0.400263687862392,20.9746835872802,0.660149212017338,0.516342766903269,"vSGB104688","Nasal",0.512488713018828,0.816175817046005
"10","qiaamp",0.55928236732939,0.40245316494763,21.2103161627401,1.38968311356719,0.179040917772567,"vSGB104688","Nasal",0.421541848812229,0.671336273625921
"11","lypma",-0.178317415302187,0.409942886927426,20.9862885252243,-0.43498111807403,0.668016485572874,"vSGB21452","Nasal",0.560303430003956,0.89232425643754
"12","benzonase",0.185291065684903,0.412162198804899,21.2253155044362,0.449558611202511,0.657585972435208,"vSGB21452","Nasal",0.560303430003956,0.89232425643754
"13","host_zero",-0.434450671771667,0.412162198804899,21.2253155039831,-1.05407694599698,0.303699572068798,"vSGB21452","Nasal",0.467208619734906,0.744063951568556
"14","molysis",0.31034645892352,0.409942886927426,20.9862885255473,0.757048039666223,0.457437107168993,"vSGB21452","Nasal",0.512488713018828,0.816175817046005
"15","qiaamp",0.612814751893126,0.412162198804899,21.2253155053057,1.48682910191676,0.151764868212518,"vSGB21452","Nasal",0.401487971005185,0.639399004202578
"16","lypma",-0.564588461147143,0.696638632178229,22.8793623592563,-0.810446672160291,0.426033593372131,"vSGB5037","Nasal",0.512488713018828,0.816175817046005
"17","benzonase",-0.798996501444502,0.698955429834856,23.1690485866144,-1.14312940044444,0.264659747842249,"vSGB5037","Nasal",0.462430166978011,0.736453915515076
"18","host_zero",-0.342834619112387,0.698955429834856,23.1690485862677,-0.490495680380349,0.628396410286247,"vSGB5037","Nasal",0.552410994281073,0.879754974400746
"19","molysis",-0.644875331227629,0.696638632178229,22.8793623588734,-0.925695621001166,0.364266092158864,"vSGB5037","Nasal",0.491564557415837,0.782852566481769
"20","qiaamp",0.406790887271576,0.698955429834856,23.1690485866829,0.581998321935477,0.566188482127485,"vSGB5037","Nasal",0.527890386208179,0.840704109825659
"21","lypma",0.13889883873637,0.570830380220997,21.792382933768,0.243327691638618,0.810027415479806,"vSGB5744","Nasal",0.582248543902789,0.927273457876616
"22","benzonase",0.182867820827466,0.571726674162748,22.1361392824574,0.319851826216195,0.75207997893629,"vSGB5744","Nasal",0.572892758963595,0.912373685017477
"23","host_zero",-0.436873916629105,0.571726674162748,22.1361392830097,-0.764130722550028,0.452858135182635,"vSGB5744","Nasal",0.512488713018828,0.816175817046005
"24","molysis",0.607856736701387,0.570830380220997,21.7923829337729,1.06486402574799,0.298594433928306,"vSGB5744","Nasal",0.465373576264502,0.741141510418683
"25","qiaamp",1.30857615789274,0.571726674162748,22.1361392839645,2.28881424818783,0.0319930086726155,"vSGB5744","Nasal",0.234370235114699,0.37325176784718
"26","lypma",2.47741396035654,0.686185528753353,20.4130859591832,3.61041417596995,0.00170135549949871,"vSGB5833","Nasal",0.0866477717947305,0.137992923830855
"27","benzonase",0.54285712674417,0.691372856139545,20.5072127769717,0.78518721399528,0.441321337306477,"vSGB5833","Nasal",0.512488713018828,0.816175817046005
"28","host_zero",-0.0768846107124015,0.691372856139545,20.5072127770976,-0.111205711982542,0.912534449047075,"vSGB5833","Nasal",0.602368603370868,0.959316126443191
"29","molysis",0.931195999406959,0.686185528753353,20.4130859590168,1.35706155316148,0.189578846638476,"vSGB5833","Nasal",0.421541848812229,0.671336273625921
"30","qiaamp",1.8375254731693,0.691372856139545,20.5072127770924,2.65779232848334,0.0149069523306753,"vSGB5833","Nasal",0.16846752774335,0.268296878757987
"31","lypma",-0.572734508329456,0.898195547200244,23.8005863621698,-0.637650130992879,0.529788718378118,"vSGB33624","Nasal",0.512488713018828,0.816175817046005
"32","benzonase",-0.0925240272013491,0.898811151127659,24.0244607336212,-0.102940453158895,0.91886469109169,"vSGB33624","Nasal",0.602368603370868,0.959316126443191
"33","host_zero",0.245151876441094,0.898811151127659,24.0244607341585,0.272751262746934,0.787375174808163,"vSGB33624","Nasal",0.582248543902789,0.927273457876616
"34","molysis",0.343101221864092,0.898195547200244,23.8005863616522,0.381989448660227,0.705858654224884,"vSGB33624","Nasal",0.565565854895586,0.900705053568212
"35","qiaamp",-1.19946558053984,0.898811151127659,24.0244607323341,-1.33450233570754,0.194550511948736,"vSGB33624","Nasal",0.421541848812229,0.671336273625921
"36","lypma",-2.333806837282,0.872067818349771,20.5087856157973,-2.67617585258255,0.014316872916221,"vSGB14382","Nasal",0.16846752774335,0.268296878757987
"37","benzonase",0.0354759675909765,0.878731048706505,20.5961648102445,0.0403718152934248,0.968185494809922,"vSGB14382","Nasal",0.615795547522187,0.980699518574076
"38","host_zero",0.858934099950919,0.878731048706505,20.5961648098601,0.977470980700265,0.33967840295628,"vSGB14382","Nasal",0.473072075608464,0.753401934565537
"39","molysis",0.498370228371175,0.872067818349771,20.5087856156991,0.571481045263485,0.573883979708507,"vSGB14382","Nasal",0.528657377079875,0.841925598973558
"40","qiaamp",-0.571448025728581,0.878731048706505,20.5961648100358,-0.650310497813585,0.522680251508459,"vSGB14382","Nasal",0.512488713018828,0.816175817046005
"41","lypma",-1.97245960801347,0.669645062862438,20.3523536536662,-2.9455299790938,0.00789704770643346,"vSGB14623","Nasal",0.151859316666557,0.241847086009525
"42","benzonase",0.0187088240152948,0.67502102132116,20.4109168423352,0.0277159131706412,0.978157936599013,"vSGB14623","Nasal",0.6167168627736,0.982166780601468
"43","host_zero",-0.590829784534524,0.67502102132116,20.410916842829,-0.875276126035519,0.391607571515357,"vSGB14623","Nasal",0.503789592112498,0.802321829762103
"44","molysis",0.148644800359776,0.669645062862438,20.352353653122,0.221975504044464,0.826545180015161,"vSGB14623","Nasal",0.582248543902789,0.927273457876616
"45","qiaamp",-0.504779873462676,0.67502102132116,20.4109168435359,-0.747798746288989,0.463111000983185,"vSGB14623","Nasal",0.512488713018828,0.816175817046005
"46","lypma",-0.651964984020017,0.59358910722614,20.3608069653379,-1.09834391514809,0.284873383598418,"vSGB20147","Nasal",0.46294587410798,0.737275216896877
"47","benzonase",0.41715422285491,0.598462344271645,20.4053215795602,0.697043392701015,0.493641214239594,"vSGB20147","Nasal",0.512488713018828,0.816175817046005
"48","host_zero",-0.254507867941862,0.598462344271645,20.4053215793438,-0.425269643742765,0.675091395940183,"vSGB20147","Nasal",0.560303430003956,0.89232425643754
"49","molysis",0.426130741501305,0.59358910722614,20.360806965867,0.717888411889206,0.480982728907751,"vSGB20147","Nasal",0.512488713018828,0.816175817046005
"50","qiaamp",0.258237267874121,0.598462344271645,20.4053215792492,0.43150128048308,0.670628597632195,"vSGB20147","Nasal",0.560303430003956,0.89232425643754
"51","lypma",0.655446726490648,0.355478804161156,22.4839388799249,1.84384193605395,0.0784258872752512,"vSGB4346","Nasal",0.36560503462458,0.582252799467774
"52","benzonase",0.432092446543578,0.356597634441739,22.7927297132828,1.21170867333438,0.238036620053907,"vSGB4346","Nasal",0.44657724410042,0.711206974551306
"53","host_zero",-0.187649290912993,0.356597634441739,22.7927297137905,-0.526221356478603,0.603817756411212,"vSGB4346","Nasal",0.54917448251588,0.874600592329041
"54","molysis",0.212024872717948,0.355478804161156,22.4839388791989,0.596448705903225,0.556833754942039,"vSGB4346","Nasal",0.525538595857808,0.836958711415949
"55","qiaamp",0.144660464001897,0.356597634441739,22.7927297136358,0.405668602452639,0.688769114424147,"vSGB4346","Nasal",0.560303430003956,0.89232425643754
"56","lypma",0.0242060103273506,0.702673094552958,22.7369784156117,0.0344484661715282,0.972820177139947,"vSGB104684","Nasal",0.61587554949053,0.980826927569082
"57","benzonase",-0.0642921743761947,0.704032523486162,23.0531588504386,-0.091319892521213,0.928027291039174,"vSGB104684","Nasal",0.602391823858329,0.959353106770454
"58","host_zero",-0.684033911832766,0.704032523486162,23.053158850527,-0.971594193469403,0.341337203007243,"vSGB104684","Nasal",0.473072075608464,0.753401934565537
"59","molysis",-0.453409549101501,0.702673094552958,22.7369784164141,-0.645263854011603,0.525214677850211,"vSGB104684","Nasal",0.512488713018828,0.816175817046005
"60","qiaamp",1.12346331464505,0.704032523486162,23.0531588507723,1.59575485104294,0.124162410275138,"vSGB104684","Nasal",0.401487971005185,0.639399004202578
"61","lypma",-1.65413267699478,0.600463164887583,20.4031093462626,-2.75476128049331,0.0120738082668472,"vSGB20440","Nasal",0.16846752774335,0.268296878757987
"62","benzonase",-0.311272091130925,0.604417048976603,20.5702727805841,-0.514995550932869,0.612046061368261,"vSGB20440","Nasal",0.550623400037985,0.876908099621193
"63","host_zero",-0.931013828587495,0.604417048976603,20.5702727800574,-1.54035004499606,0.138718127838808,"vSGB20440","Nasal",0.401487971005185,0.639399004202578
"64","molysis",-0.437576982647291,0.600463164887583,20.403109346183,-0.72873243228702,0.474447635707935,"vSGB20440","Nasal",0.512488713018828,0.816175817046005
"65","qiaamp",-0.139154613777034,0.604417048976603,20.5702727795632,-0.230229464924343,0.82018760576645,"vSGB20440","Nasal",0.582248543902789,0.927273457876616
"66","lypma",-0.824596887974661,0.83789337092408,23.0415384211686,-0.984131056037889,0.335272882867869,"vSGB21241","Nasal",0.473072075608464,0.753401934565537
"67","benzonase",-1.3637848802899,0.839815858848648,23.3458287672759,-1.62390941528491,0.117821898221222,"vSGB21241","Nasal",0.401487971005185,0.639399004202578
"68","host_zero",-0.16108364350568,0.839815858848648,23.3458287679551,-0.19180828964878,0.849550918977416,"vSGB21241","Nasal",0.582918395921347,0.928340246285137
"69","molysis",-0.95985095031513,0.83789337092408,23.0415384204374,-1.14555262474096,0.263739469798216,"vSGB21241","Nasal",0.462430166978011,0.736453915515076
"70","qiaamp",0.632183081298802,0.839815858848648,23.3458287666466,0.752763923945779,0.459115660383041,"vSGB21241","Nasal",0.512488713018828,0.816175817046005
"71","lypma",-1.66354301761291,0.600884498483732,20.3960690762862,-2.76849048662544,0.0117145656376505,"vSGB23782","Nasal",0.16846752774335,0.268296878757987
"72","benzonase",-0.297384671590797,0.604865794604143,20.5603037841155,-0.491653973895849,0.628171856571183,"vSGB23782","Nasal",0.552410994281073,0.879754974400746
"73","host_zero",-0.917126409047368,0.604865794604143,20.5603037844985,-1.51624776475844,0.144681735802007,"vSGB23782","Nasal",0.401487971005185,0.639399004202578
"74","molysis",-0.405081083140138,0.600884498483732,20.3960690762221,-0.67414134357321,0.507790703718083,"vSGB23782","Nasal",0.512488713018828,0.816175817046005
"75","qiaamp",-0.124935055526238,0.604865794604143,20.5603037851289,-0.206550042407345,0.838393030065323,"vSGB23782","Nasal",0.582918395921347,0.928340246285137
"76","lypma",-1.8843434879386,0.668276363240388,20.4119277523642,-2.8197069230485,0.010449127090027,"vSGB27912","Nasal",0.16846752774335,0.268296878757987
"77","benzonase",-0.36265003526379,0.672703747376769,20.5760322135529,-0.539093228896013,0.595608142306327,"vSGB27912","Nasal",0.545403613712205,0.86859520753006
"78","host_zero",-0.982391772720361,0.672703747376769,20.5760322133826,-1.46036316365299,0.159292065746146,"vSGB27912","Nasal",0.401487971005185,0.639399004202578
"79","molysis",-0.460780427853004,0.668276363240388,20.4119277528584,-0.689505799095958,0.498269364097344,"vSGB27912","Nasal",0.512488713018828,0.816175817046005
"80","qiaamp",-0.126608254028996,0.672703747376769,20.5760322129586,-0.188208040348681,0.852557369037371,"vSGB27912","Nasal",0.582918395921347,0.928340246285137
"81","lypma",-1.99503409120109,0.788661960809564,22.2642079942369,-2.52964411920309,0.0189886875485868,"vSGB5862","Nasal",0.190438361181301,0.303287040447153
"82","benzonase",-1.85426487859408,0.791440503696198,22.5679531348436,-2.34289863853854,0.028333549488795,"vSGB5862","Nasal",0.217940355639549,0.347085981237739
"83","host_zero",-1.20667672081676,0.791440503696198,22.5679531359667,-1.52465879011918,0.141236598149634,"vSGB5862","Nasal",0.401487971005185,0.639399004202578
"84","molysis",-1.08003520647061,0.788661960809564,22.2642079943418,-1.3694526427545,0.18451395487546,"vSGB5862","Nasal",0.421541848812229,0.671336273625921
"85","qiaamp",-0.369935216314209,0.791440503696198,22.5679531356632,-0.46742012139451,0.644681201850698,"vSGB5862","Nasal",0.557175063534244,0.887342103670904
"86","lypma",-2.69408388716409,0.854879471232637,22.5425538484792,-3.15141956009253,0.00454056630194827,"vSGB18775","Nasal",0.116419421793341,0.185406457329554
"87","benzonase",-2.61420892922872,0.858186678787404,22.8240916689769,-3.04620077874261,0.00576437312889499,"vSGB18775","Nasal",0.126683691990278,0.201753059511325
"88","host_zero",-0.680789633334607,0.858186678787404,22.82409166894,-0.793288511884786,0.435779469046944,"vSGB18775","Nasal",0.512488713018828,0.816175817046005
"89","molysis",-1.44276666085593,0.854879471232637,22.542553848037,-1.68768429867152,0.105261435479854,"vSGB18775","Nasal",0.401487971005185,0.639399004202578
"90","qiaamp",-0.117516505844135,0.858186678787404,22.824091668817,-0.136935830803367,0.89228227762747,"vSGB18775","Nasal",0.602052115655955,0.958812096573377
"91","lypma",-0.480425872403506,0.530234476517422,20.3020504323355,-0.906063060174701,0.375530806412717,"vSGB24071","Nasal",0.492192790550951,0.78385307376968
"92","benzonase",-0.0751510105006882,0.534202664133803,20.4026850143157,-0.140678838849566,0.889503316903425,"vSGB24071","Nasal",0.602052115655955,0.958812096573377
"93","host_zero",-0.694892747957259,0.534202664133803,20.4026850143156,-1.3008035987316,0.207826440801265,"vSGB24071","Nasal",0.421589208848014,0.671411697952195
"94","molysis",-0.330784878539631,0.530234476517422,20.302050432041,-0.623846417366567,0.539675438210011,"vSGB24071","Nasal",0.512488713018828,0.816175817046005
"95","qiaamp",-0.417269717855178,0.534202664133803,20.4026850142774,-0.781107519431359,0.443708904689057,"vSGB24071","Nasal",0.512488713018828,0.816175817046005
"96","lypma",0.749870155292103,0.50020859851302,28.9999999999985,1.49911488431278,0.144652094577056,"vSGB108247","Nasal",0.401487971005185,0.639399004202578
"97","benzonase",0.498729603937795,0.50020859851302,28.9999999999985,0.997043244399194,0.32699064443534,"vSGB108247","Nasal",0.473072075608464,0.753401934565537
"98","host_zero",-0.121012133518775,0.50020859851302,28.9999999999985,-0.241923337340683,0.810542184184113,"vSGB108247","Nasal",0.582248543902789,0.927273457876616
"99","molysis",0.117601443916495,0.50020859851302,28.9999999999375,0.235104802808451,0.815779640050383,"vSGB108247","Nasal",0.582248543902789,0.927273457876616
"100","qiaamp",1.69549473356837,0.50020859851302,28.9999999999375,3.3895753463827,0.00203501395519689,"vSGB108247","Nasal",0.0866477717947305,0.137992923830855
"101","lypma",0.264846856837397,0.788539160529002,22.8440728038008,0.335870265035057,0.740034048057464,"vSGB14526","Nasal",0.572892758963595,0.912373685017477
"102","benzonase",-0.0819662934414797,0.788949546420881,23.0773058402598,-0.103892947037393,0.918151936011686,"vSGB14526","Nasal",0.602368603370868,0.959316126443191
"103","host_zero",0.326747969561522,0.788949546420881,23.0773058399902,0.414155722687002,0.682584225894669,"vSGB14526","Nasal",0.560303430003956,0.89232425643754
"104","molysis",-0.608879807687842,0.788539160529002,22.8440728040637,-0.772161787474661,0.44793388301717,"vSGB14526","Nasal",0.512488713018828,0.816175817046005
"105","qiaamp",1.31211077153081,0.788949546420881,23.0773058406326,1.66311112983495,0.109813748423856,"vSGB14526","Nasal",0.401487971005185,0.639399004202578
"106","lypma",0.0333027733848213,0.841182228067279,28.9999999992395,0.0395904386393642,0.968690953040516,"vSGB19305","Nasal",0.615795547522187,0.980699518574076
"107","benzonase",-0.217837777969486,0.841182228067279,28.9999999992395,-0.258966215287258,0.797490688338528,"vSGB19305","Nasal",0.582248543902789,0.927273457876616
"108","host_zero",-0.837579515426057,0.841182228067279,28.9999999992395,-0.995717084216699,0.327623804386267,"vSGB19305","Nasal",0.473072075608464,0.753401934565537
"109","molysis",-0.598965937990786,0.841182228067279,28.9999999992408,-0.712052535117135,0.482121840648625,"vSGB19305","Nasal",0.512488713018828,0.816175817046005
"110","qiaamp",0.2849303714991,0.841182228067279,28.9999999992408,0.338726095240698,0.737256478358493,"vSGB19305","Nasal",0.572892758963595,0.912373685017477
"111","lypma",-0.673568757704793,0.689033208334166,21.2200974825216,-0.97755630578857,0.339307640703217,"vSGB20404","Nasal",0.473072075608464,0.753401934565537
"112","benzonase",-0.163518306715098,0.6925456551659,21.47406558015,-0.23611195232454,0.815583269659503,"vSGB20404","Nasal",0.582248543902789,0.927273457876616
"113","host_zero",-0.783260044171669,0.6925456551659,21.4740655798329,-1.13098687188217,0.270534091413702,"vSGB20404","Nasal",0.462430166978011,0.736453915515076
"114","molysis",-0.195704216955015,0.689033208334166,21.2200974814104,-0.284027263980727,0.7791424479884,"vSGB20404","Nasal",0.582248543902789,0.927273457876616
"115","qiaamp",1.05154401744267,0.6925456551659,21.4740655804201,1.5183750119561,0.143506004885771,"vSGB20404","Nasal",0.401487971005185,0.639399004202578
"116","lypma",-0.799763901092198,0.814745870850817,23.2315762125836,-0.981611481205822,0.336404185358792,"vSGB81163","Nasal",0.473072075608464,0.753401934565537
"117","benzonase",-1.04794222532675,0.814776393148388,23.3050089955816,-1.28617156085903,0.21101510507069,"vSGB81163","Nasal",0.421589208848014,0.671411697952195
"118","host_zero",-0.659609556911248,0.814776393148388,23.3050089871405,-0.809558993679778,0.42638257592073,"vSGB81163","Nasal",0.512488713018828,0.816175817046005
"119","molysis",-1.45080823516522,0.814745870850817,23.2315762151061,-1.78068804896204,0.0880459817421794,"vSGB81163","Nasal",0.376247572219255,0.599201820189832
"120","qiaamp",0.960943635935095,0.814776393148388,23.3050090036417,1.17939552988508,0.250141082962094,"vSGB81163","Nasal",0.453194498295063,0.721745436592938
"121","lypma",1.15839802239964,0.340516831964196,20.0850571111318,3.40188182686206,0.00281618211899704,"vSGB21262","Nasal",0.0866477717947305,0.137992923830855
"122","benzonase",-0.0405763781727466,0.343449874306073,20.098579241732,-0.11814352314069,0.907126710257955,"vSGB21262","Nasal",0.602368603370868,0.959316126443191
"123","host_zero",-0.523707415217643,0.343449874306073,20.0985792419807,-1.52484381098049,0.142880139032732,"vSGB21262","Nasal",0.401487971005185,0.639399004202578
"124","molysis",-0.127413053482304,0.340516831964196,20.0850571115294,-0.374175493021446,0.712194806640255,"vSGB21262","Nasal",0.567685968817574,0.904081490294624
"125","qiaamp",-0.0146611328909197,0.343449874306073,20.0985792410228,-0.0426878388601596,0.966371619124121,"vSGB21262","Nasal",0.615795547522187,0.980699518574076
"126","lypma",0.497739918261364,0.792512250742251,20.4727656994229,0.628053279675098,0.53691281518177,"vSGB22340","Nasal",0.512488713018828,0.816175817046005
"127","benzonase",0.0740691532110548,0.797967100063322,20.6172164820414,0.0928223146106865,0.926940796605624,"vSGB22340","Nasal",0.602391823858329,0.959353106770454
"128","host_zero",0.0809670362425094,0.797967100063322,20.6172164822298,0.1014666346972,0.920160366180204,"vSGB22340","Nasal",0.602368603370868,0.959316126443191
"129","molysis",0.0592269904420983,0.792512250742251,20.4727657002482,0.0747332175453787,0.941152404864647,"vSGB22340","Nasal",0.608344612000377,0.968833357948902
"130","qiaamp",-0.386216615237856,0.797967100063322,20.6172164818449,-0.484000675224841,0.633486673597009,"vSGB22340","Nasal",0.553721621651321,0.881842244495836
"131","lypma",0.389793484568782,0.502945287089062,22.9617720141495,0.775021646638387,0.446235304790912,"vSGB21627","Nasal",0.512488713018828,0.816175817046005
"132","benzonase",-0.0551988395297323,0.503619198889799,23.2575977588977,-0.109604319397305,0.913663421988168,"vSGB21627","Nasal",0.602368603370868,0.959316126443191
"133","host_zero",1.71449685282404,0.503619198889799,23.2575977588082,3.4043516541934,0.00240586006285855,"vSGB21627","Nasal",0.0866477717947305,0.137992923830855
"134","molysis",0.159915972665133,0.502945287089062,22.9617720147135,0.317958984347366,0.753389709773894,"vSGB21627","Nasal",0.572892758963595,0.912373685017477
"135","qiaamp",-0.618166039839231,0.503619198889799,23.2575977582377,-1.2274473276673,0.231933960380943,"vSGB21627","Nasal",0.446006331030832,0.710297753666639
"136","lypma",-0.00106020963043648,0.661370321338102,22.9348357791718,-0.00160304990446417,0.998734813929349,"vSGB22664","Nasal",0.627120172820436,0.998734813929349
"137","benzonase",-0.576492175165086,0.662313117508219,23.2345889936606,-0.870422402826608,0.3929739574345,"vSGB22664","Nasal",0.503789592112498,0.802321829762103
"138","host_zero",0.599938064665384,0.662313117508219,23.234588996336,0.905822410588054,0.374327979142868,"vSGB22664","Nasal",0.492192790550951,0.78385307376968
"139","molysis",-0.843433569975476,0.661370321338102,22.9348357800126,-1.27528185460306,0.214976749831249,"vSGB22664","Nasal",0.422536411800827,0.672920188040428
"140","qiaamp",-0.991713036127547,0.662313117508219,23.2345889946233,-1.49734771954783,0.147765659161591,"vSGB22664","Nasal",0.401487971005185,0.639399004202578
"141","lypma",0.12302394573312,0.604743354653291,22.4278576869842,0.203431662020745,0.840632101005967,"vSGB25364","Nasal",0.582918395921347,0.928340246285137
"142","benzonase",-0.596310943104947,0.606494517330368,22.7452598151607,-0.983209124016082,0.33584820928927,"vSGB25364","Nasal",0.473072075608464,0.753401934565537
"143","host_zero",0.419485912056111,0.606494517330368,22.7452598145406,0.691656560891235,0.496153116063523,"vSGB25364","Nasal",0.512488713018828,0.816175817046005
"144","molysis",-0.242675731040875,0.604743354653291,22.4278576869783,-0.401287139699128,0.692006566216868,"vSGB25364","Nasal",0.560303430003956,0.89232425643754
"145","qiaamp",-0.784817905867941,0.606494517330368,22.745259814997,-1.29402308420282,0.208643163173401,"vSGB25364","Nasal",0.421589208848014,0.671411697952195
"146","lypma",0.58024181206902,0.58278522959953,24.2694856075326,0.995635754989436,0.329251054230957,"vSGB11835","Nasal",0.473072075608464,0.753401934565537
"147","benzonase",0.841112945169765,0.58302761006258,24.4451322861953,1.44266400193206,0.161807094941061,"vSGB11835","Nasal",0.401487971005185,0.639399004202578
"148","host_zero",0.63312211753359,0.58302761006258,24.4451322847357,1.08592132963589,0.288106789102235,"vSGB11835","Nasal",0.46294587410798,0.737275216896877
"149","molysis",0.499190813452002,0.58278522959953,24.2694856073096,0.85656050994125,0.400066641085225,"vSGB11835","Nasal",0.506421133250304,0.806512751793512
"150","qiaamp",0.191823608986157,0.58302761006258,24.4451322874748,0.329012907237048,0.744948166455625,"vSGB11835","Nasal",0.572892758963595,0.912373685017477
"151","lypma",0.567301276357403,0.423236289396692,21.6038636188014,1.34038902279876,0.194045719060386,"vSGB23713","Nasal",0.421541848812229,0.671336273625921
"152","benzonase",0.502620941411386,0.425663552023386,21.8109793044347,1.18079393695369,0.250401478001632,"vSGB23713","Nasal",0.453194498295063,0.721745436592938
"153","host_zero",0.612251107670391,0.425663552023386,21.8109793041559,1.43834515490007,0.164531518797987,"vSGB23713","Nasal",0.401767889760548,0.639844795325506
"154","molysis",1.11434186169693,0.423236289396692,21.6038636193708,2.63290717174888,0.0153312502147421,"vSGB23713","Nasal",0.16846752774335,0.268296878757987
"155","qiaamp",-0.282816352463558,0.425663552023386,21.8109793037686,-0.66441289398445,0.513389776946201,"vSGB23713","Nasal",0.512488713018828,0.816175817046005
"156","lypma",0.400614733259529,0.292047300588164,20.0554493752675,1.37174605775406,0.185294441754084,"vSGB25507","Nasal",0.421541848812229,0.671336273625921
"157","benzonase",0.434678211222484,0.294584173327702,20.0632278704188,1.47556539209911,0.15558268093119,"vSGB25507","Nasal",0.401487971005185,0.639399004202578
"158","host_zero",-0.194811539022274,0.294584173327702,20.0632278700177,-0.661310269393057,0.515936680711184,"vSGB25507","Nasal",0.512488713018828,0.816175817046005
"159","molysis",0.272094916451303,0.292047300588164,20.0554493749195,0.931680984221807,0.362582310128244,"vSGB25507","Nasal",0.491564557415837,0.782852566481769
"160","qiaamp",-0.386207856891504,0.294584173327702,20.0632278701158,-1.31102717613372,0.204656597015851,"vSGB25507","Nasal",0.421589208848014,0.671411697952195
"161","lypma",0.637609992659755,0.977874738417084,23.4693243488218,0.652036470122824,0.520712893286967,"vSGB22521","Nasal",0.512488713018828,0.816175817046005
"162","benzonase",2.45009867141612,0.980663923271215,23.749096881604,2.49840808178534,0.0198065006006304,"vSGB22521","Nasal",0.190438361181301,0.303287040447153
"163","host_zero",3.36562228905318,0.980663923271215,23.7490968811847,3.43198338308034,0.00220224491053698,"vSGB22521","Nasal",0.0866477717947305,0.137992923830855
"164","molysis",1.60122010678242,0.977874738417084,23.469324349636,1.63744909636828,0.114876685576076,"vSGB22521","Nasal",0.401487971005185,0.639399004202578
"165","qiaamp",0.624671376829366,0.980663923271215,23.7490968804337,0.636988230122345,0.530225480013758,"vSGB22521","Nasal",0.512488713018828,0.816175817046005
"166","lypma",0.749870155292103,0.68235711143459,28.999999999974,1.09894092510529,0.280833842930773,"vSGB24115","Nasal",0.46294587410798,0.737275216896877
"167","benzonase",1.4297069597426,0.68235711143459,28.999999999974,2.09524739433987,0.0449937077666314,"vSGB24115","Nasal",0.288407937148842,0.459310766784363
"168","host_zero",1.43176753299077,0.68235711143459,28.999999999974,2.0982671815065,0.0447061993360467,"vSGB24115","Nasal",0.288407937148842,0.459310766784363
"169","molysis",1.5797447637128,0.68235711143459,29.000000000141,2.31512903909148,0.0278825430934054,"vSGB24115","Nasal",0.217940355639549,0.347085981237739
"170","qiaamp",-0.354969436415917,0.68235711143459,29.000000000141,-0.520210649918528,0.606865717126273,"vSGB24115","Nasal",0.54917448251588,0.874600592329041
"171","lypma",0.729425351030461,0.645630721693055,24.529064288988,1.12978723986007,0.269493309595831,"vSGB17768","Nasal",0.462430166978011,0.736453915515076
"172","benzonase",1.34404357310258,0.64583513346408,24.6805994329365,2.08109392546285,0.0479607872961414,"vSGB17768","Nasal",0.295129730758442,0.470015715502185
"173","host_zero",1.16795024471654,0.64583513346408,24.6805994305455,1.80843404794654,0.0827400143808995,"vSGB17768","Nasal",0.37027682197538,0.589692963048439
"174","molysis",0.942962161102962,0.645630721693055,24.5290642908122,1.46052864186854,0.156836235555984,"vSGB17768","Nasal",0.401487971005185,0.639399004202578
"175","qiaamp",-0.319051782533379,0.64583513346408,24.6805994317851,-0.494014286311855,0.625664276639199,"vSGB17768","Nasal",0.552410994281073,0.879754974400746
"176","lypma",0.637985563411231,0.322505433678556,22.5008441832503,1.97821647881789,0.0602758447315923,"vSGB105907","Nasal",0.340606417345193,0.542440670215526
"177","benzonase",0.410623178891606,0.323397614390484,22.8185638845479,1.26971616554908,0.216982427980383,"vSGB105907","Nasal",0.422536411800827,0.672920188040428
"178","host_zero",0.0751722339662481,0.323397614390484,22.8185638861161,0.232445233425507,0.818264396654988,"vSGB105907","Nasal",0.582248543902789,0.927273457876616
"179","molysis",0.783422652720103,0.322505433678556,22.5008441819671,2.42917659955133,0.023549309220603,"vSGB105907","Nasal",0.213106117875169,0.339387103473396
"180","qiaamp",-0.266863011369727,0.323397614390484,22.8185638858199,-0.8251854667286,0.417809958708583,"vSGB105907","Nasal",0.512488713018828,0.816175817046005
"181","lypma",0.356950145404771,0.496441797290479,22.7949932895704,0.71901710805368,0.479437067841086,"vSGB19163","Nasal",0.512488713018828,0.816175817046005
"182","benzonase",0.156500529893334,0.497624144134465,23.1079133738542,0.31449545151299,0.755966767585909,"vSGB19163","Nasal",0.572892758963595,0.912373685017477
"183","host_zero",0.0231634349848324,0.497624144134465,23.1079133743225,0.046548052898682,0.963273384644013,"vSGB19163","Nasal",0.615795547522187,0.980699518574076
"184","molysis",0.848841874027481,0.496441797290479,22.7949932890776,1.709851746288,0.100873042276216,"vSGB19163","Nasal",0.401487971005185,0.639399004202578
"185","qiaamp",-0.112606611239506,0.497624144134465,23.1079133740954,-0.226288480104531,0.822966739677174,"vSGB19163","Nasal",0.582248543902789,0.927273457876616
"186","lypma",0.749870155292103,0.556498252619507,28.999999999112,1.34747980207012,0.188259911750965,"vSGB104267","Nasal",0.421541848812229,0.671336273625921
"187","benzonase",0.498729603937795,0.556498252619507,28.999999999112,0.89619257848558,0.377529235529886,"vSGB104267","Nasal",0.492192790550951,0.78385307376968
"188","host_zero",1.20729300974391,0.556498252619507,28.999999999112,2.16944618255498,0.0383856411907914,"vSGB104267","Nasal",0.268418710279763,0.427476458715631
"189","molysis",0.842358180224376,0.556498252619507,28.999999999112,1.5136762357461,0.14093146783577,"vSGB104267","Nasal",0.401487971005185,0.639399004202578
"190","qiaamp",-0.354969436415917,0.556498252619507,28.999999999112,-0.63786262534524,0.528567965972091,"vSGB104267","Nasal",0.512488713018828,0.816175817046005
"191","lypma",0.210249869106108,0.58329817186198,23.598305625625,0.360450073818947,0.721716945252812,"vSGB31957","Nasal",0.568351042006287,0.905140668066552
"192","benzonase",-0.139978646058406,0.583500396866797,23.7808547616092,-0.239894688692664,0.812467671293946,"vSGB31957","Nasal",0.582248543902789,0.927273457876616
"193","host_zero",-0.759720383514977,0.583500396866797,23.7808547606992,-1.30200491309761,0.205385508770492,"vSGB31957","Nasal",0.421589208848014,0.671411697952195
"194","molysis",-0.471740964067576,0.58329817186198,23.5983056223312,-0.808747544264889,0.426739285128385,"vSGB31957","Nasal",0.512488713018828,0.816175817046005
"195","qiaamp",-0.845223880589783,0.583500396866797,23.7808547622587,-1.44854036968673,0.160524090146006,"vSGB31957","Nasal",0.401487971005185,0.639399004202578
"196","lypma",0.412764393852092,0.651147637280691,21.6797766667999,0.63390292803007,0.532776013848761,"vSGB15444","Nasal",0.512488713018828,0.816175817046005
"197","benzonase",0.549228642252033,0.654885365674108,21.8851427549828,0.83866378917581,0.410725095789069,"vSGB15444","Nasal",0.50956104678021,0.81151329409937
"198","host_zero",-0.236502965722657,0.654885365674108,21.8851427550511,-0.361136434128761,0.721460300772957,"vSGB15444","Nasal",0.568351042006287,0.905140668066552
"199","molysis",-1.02899982720071,0.651147637280691,21.6797766667748,-1.58028650998104,0.128521845735946,"vSGB15444","Nasal",0.401487971005185,0.639399004202578
"200","qiaamp",-0.594826039649191,0.654885365674108,21.8851427551339,-0.908290321981627,0.373618829622997,"vSGB15444","Nasal",0.492192790550951,0.78385307376968
"201","lypma",0.562839718982858,0.309971230804824,20.2494330815123,1.81578050815062,0.0842418518640628,"vSGB68952","Nasal",0.37027682197538,0.589692963048439
"202","benzonase",0.266358219971844,0.31255891960971,20.2835039814522,0.852185630486707,0.40406125267348,"vSGB68952","Nasal",0.506421133250304,0.806512751793512
"203","host_zero",-0.531818519334256,0.31255891960971,20.2835039814797,-1.70149845666965,0.104129598552601,"vSGB68952","Nasal",0.401487971005185,0.639399004202578
"204","molysis",-0.0321614524421162,0.309971230804824,20.2494330817689,-0.10375624976102,0.918383544141235,"vSGB68952","Nasal",0.602368603370868,0.959316126443191
"205","qiaamp",-0.321336229168628,0.31255891960971,20.283503980917,-1.02808209591292,0.316015876770134,"vSGB68952","Nasal",0.473072075608464,0.753401934565537
"206","lypma",0.248797619821468,0.549905183729631,23.4647252447354,0.452437305889797,0.655109186972369,"vSGB38763","Nasal",0.560303430003956,0.89232425643754
"207","benzonase",-0.108743180351072,0.55015189953981,23.6691446085892,-0.19766028335453,0.844998568868317,"vSGB38763","Nasal",0.582918395921347,0.928340246285137
"208","host_zero",-0.728484917807643,0.55015189953981,23.6691446102921,-1.32415232668833,0.198098146480592,"vSGB38763","Nasal",0.421589208848014,0.671411697952195
"209","molysis",-0.433674535181663,0.549905183729631,23.4647252464498,-0.788635110220903,0.438221045241577,"vSGB38763","Nasal",0.512488713018828,0.816175817046005
"210","qiaamp",-0.799845166695843,0.55015189953981,23.6691446074041,-1.45386241029959,0.159116762128326,"vSGB38763","Nasal",0.401487971005185,0.639399004202578
"211","lypma",0.290546182567443,0.663333401559215,22.8542953259175,0.438009275402825,0.66549154421899,"vSGB50076","Nasal",0.560303430003956,0.89232425643754
"212","benzonase",-0.447143123588002,0.665443404727234,23.1491606871018,-0.671947637337072,0.508268372415433,"vSGB50076","Nasal",0.512488713018828,0.816175817046005
"213","host_zero",0.153809207676718,0.665443404727234,23.1491606883108,0.231137924854428,0.819238384205919,"vSGB50076","Nasal",0.582248543902789,0.927273457876616
"214","molysis",-0.720242126159688,0.663333401559214,22.8542953256569,-1.08579203831242,0.288891513559593,"vSGB50076","Nasal",0.46294587410798,0.737275216896877
"215","qiaamp",-0.706264251690965,0.665443404727234,23.149160687213,-1.06134382980392,0.299481671556937,"vSGB50076","Nasal",0.465373576264502,0.741141510418683
"216","lypma",0.17948429397756,0.804285123083093,24.1176801960359,0.223160032215362,0.825290282307058,"vSGB23374","Nasal",0.582248543902789,0.927273457876616
"217","benzonase",-0.325795429748696,0.805654999510895,24.3762471436654,-0.404385785412469,0.689455380769305,"vSGB23374","Nasal",0.560303430003956,0.89232425643754
"218","host_zero",0.406601895760347,0.805654999510895,24.3762471432679,0.504684878772168,0.618312277034711,"vSGB23374","Nasal",0.552410994281073,0.879754974400746
"219","molysis",-0.118656078949775,0.804285123083093,24.1176801961509,-0.147529869127663,0.883940239677177,"vSGB23374","Nasal",0.601701552865745,0.958253799650037
"220","qiaamp",-0.94141633340118,0.805654999510895,24.3762471443543,-1.16851050880675,0.253902218665885,"vSGB23374","Nasal",0.454187012431183,0.723326088059789
"221","lypma",0.285333927743274,0.689436187158317,22.9037666210455,0.413865609403749,0.682822447234344,"vSGB22276","Nasal",0.560303430003956,0.89232425643754
"222","benzonase",-0.460888322418741,0.69160557504873,23.1978178117017,-0.666403422769209,0.511727005202381,"vSGB22276","Nasal",0.512488713018828,0.816175817046005
"223","host_zero",0.22551579524298,0.691605575048729,23.1978178116976,0.326075733595829,0.747290403641385,"vSGB22276","Nasal",0.572892758963595,0.912373685017477
"224","molysis",-0.737714800252993,0.689436187158317,22.9037666220143,-1.07002622431768,0.295754876879996,"vSGB22276","Nasal",0.465373576264502,0.741141510418683
"225","qiaamp",-0.715203981777698,0.691605575048729,23.1978178128501,-1.0341211921655,0.311740434083106,"vSGB22276","Nasal",0.473072075608464,0.753401934565537
"226","lypma",0.741010702063689,0.491853718956066,24.3322647186069,1.50656724449791,0.144795203042999,"vSGB27085","Nasal",0.401487971005185,0.639399004202578
"227","benzonase",0.465829549703194,0.492149671749564,24.5293672602478,0.946520086150207,0.353115087900642,"vSGB27085","Nasal",0.485025886948659,0.772439254782654
"228","host_zero",0.951796529003558,0.492149671749564,24.5293672603754,1.93395745977027,0.0647360686925191,"vSGB27085","Nasal",0.340606417345193,0.542440670215526
"229","molysis",0.126460897144912,0.491853718956066,24.3322647188119,0.257110787762911,0.799254998952087,"vSGB27085","Nasal",0.582248543902789,0.927273457876616
"230","qiaamp",-0.322069382181314,0.492149671749564,24.5293672586064,-0.65441348571132,0.518934832885368,"vSGB27085","Nasal",0.512488713018828,0.816175817046005
"231","lypma",0.745576442255807,0.557968896972418,24.6307502498957,1.33623298055028,0.193687740299249,"vSGB16257","Nasal",0.421541848812229,0.671336273625921
"232","benzonase",0.472975813517165,0.558176360354827,24.7887095277224,0.84735909133898,0.404902320288171,"vSGB16257","Nasal",0.506421133250304,0.806512751793512
"233","host_zero",1.12232319629212,0.558176360354827,24.7887095304933,2.01069639634804,0.0553548900393305,"vSGB16257","Nasal",0.327528662044831,0.521613386909076
"234","molysis",0.12189515695279,0.557968896972418,24.6307502497664,0.218462279195494,0.828868927652975,"vSGB16257","Nasal",0.582248543902789,0.927273457876616
"235","qiaamp",-0.329215645995289,0.558176360354827,24.7887095300231,-0.589805784297297,0.56065908333849,"vSGB16257","Nasal",0.525922415341952,0.837569972060548
"236","lypma",0.736861810688097,0.672915707453694,23.8392480650342,1.09502840032725,0.284444625901706,"vSGB23428","Nasal",0.46294587410798,0.737275216896877
"237","benzonase",0.384550009275434,0.674264700706634,24.1120107620672,0.570324990871424,0.573734010774956,"vSGB23428","Nasal",0.528657377079875,0.841925598973558
"238","host_zero",0.799403424522016,0.674264700706634,24.1120107607807,1.18559287425878,0.247336047914671,"vSGB23428","Nasal",0.453194498295063,0.721745436592938
"239","molysis",1.31735974687747,0.672915707453694,23.8392480651604,1.95768910174848,0.0620717504192286,"vSGB23428","Nasal",0.340606417345193,0.542440670215526
"240","qiaamp",-0.240789841753555,0.674264700706634,24.1120107612451,-0.357114708068219,0.724112534453242,"vSGB23428","Nasal",0.568351042006287,0.905140668066552
"241","lypma",0.709287194321217,0.297679395921839,23.7263289395434,2.38272182770571,0.0255543070586216,"vSGB88958","Nasal",0.217940355639549,0.347085981237739
"242","benzonase",0.505514011284219,0.297937451711488,23.9684278687665,1.69671187150295,0.102701996658609,"vSGB88958","Nasal",0.401487971005185,0.639399004202578
"243","host_zero",-0.114227726172352,0.297937451711488,23.9684278679109,-0.38339498950594,0.704806516897302,"vSGB88958","Nasal",0.565565854895586,0.900705053568212
"244","molysis",0.557975315584757,0.297679395921839,23.7263289386414,1.87441698427547,0.0732378002010694,"vSGB88958","Nasal",0.35208861292669,0.560726907789437
"245","qiaamp",-0.36175384376234,0.297937451711488,23.9684278683698,-1.21419392454444,0.236501924296023,"vSGB88958","Nasal",0.44657724410042,0.711206974551306
